RAISE-MISMATCH houses|i|0.0|67.0|-23.44: LE=ok:[133.14031936871683, 145.71577938055336, 158.40402214509695, 180.0, 236.8947935153493, 292.16577238516766, 313.14031936871686, 325.7157793805534, 338.4040221450969, 0.0, 56.89479351534929, 112.16577238516771, 133.14031936871683, 0.0, 0.0, 260.416207613501, 90.0, 46.85968063128314, 99.58379238649903, 226.85968063128314] SE=raise:'Error'
RAISE-MISMATCH houses|i|0.0|-67.0|-23.44: LE=ok:[46.859680631283176, 67.83422761483229, 123.1052064846507, 180.0, 201.59597785490305, 214.28422061944661, 226.85968063128317, 247.83422761483232, 303.1052064846507, 0.0, 21.595977854903083, 34.284220619446614, 46.859680631283176, 0.0, 0.0, 279.583792386499, 90.0, 133.1403193687168, 80.41620761350097, 313.1403193687168] SE=raise:'Error'
RAISE-MISMATCH houses|i|0.0|70.0|-23.44: LE=ok:[137.54116221688778, 148.35456437059443, 159.55178898416116, 180.0, 243.60747115987152, 299.3871343788644, 317.54116221688776, 328.35456437059446, 339.55178898416113, 0.0, 63.60747115987151, 119.38713437886446, 137.54116221688778, 0.0, 0.0, 261.7620122822921, 90.0, 42.458837783112244, 98.23798771770788, 222.45883778311222] SE=raise:'Error'
RAISE-MISMATCH houses|i|0.0|-70.0|-23.44: LE=ok:[42.45883778311223, 60.6128656211356, 116.39252884012842, 180.0, 200.44821101583884, 211.64543562940554, 222.45883778311224, 240.61286562113557, 296.3925288401285, 0.0, 20.448211015838865, 31.645435629405597, 42.45883778311223, 0.0, 0.0, 278.2379877177079, 90.0, 137.54116221688776, 81.76201228229212, 317.54116221688776] SE=raise:'Error'
RAISE-MISMATCH houses|i|0.0|80.0|11.47: LE=ok:[156.09320896048058, 160.2525131313141, 165.4217123239521, 180.0, 303.69459473451565, 329.9159494011139, 336.0932089604806, 340.2525131313141, 345.4217123239521, 0.0, 123.69459473451568, 149.91594940111398, 156.09320896048058, 0.0, 0.0, 265.9879107014398, 90.0, 23.90679103951942, 94.01208929856023, 203.90679103951942] SE=raise:'Error'
RAISE-MISMATCH houses|i|0.0|80.0|-23.44: LE=ok:[156.09320896048058, 160.2525131313141, 165.4217123239521, 180.0, 303.69459473451565, 329.9159494011139, 336.0932089604806, 340.2525131313141, 345.4217123239521, 0.0, 123.69459473451568, 149.91594940111398, 156.09320896048058, 0.0, 0.0, 265.9879107014398, 90.0, 23.90679103951942, 94.01208929856023, 203.90679103951942] SE=raise:'Error'
RAISE-MISMATCH houses|i|0.0|-80.0|11.47: LE=ok:[23.906791039519437, 30.08405059888605, 56.30540526548435, 180.0, 194.5782876760479, 199.7474868686859, 203.90679103951945, 210.08405059888605, 236.30540526548432, 0.0, 14.578287676047921, 19.747486868685883, 23.906791039519437, 0.0, 0.0, 274.0120892985602, 90.0, 156.09320896048052, 85.98791070143977, 336.0932089604806] SE=raise:'Error'
RAISE-MISMATCH houses|i|0.0|-80.0|-23.44: LE=ok:[23.906791039519437, 30.08405059888605, 56.30540526548435, 180.0, 194.5782876760479, 199.7474868686859, 203.90679103951945, 210.08405059888605, 236.30540526548432, 0.0, 14.578287676047921, 19.747486868685883, 23.906791039519437, 0.0, 0.0, 274.0120892985602, 90.0, 156.09320896048052, 85.98791070143977, 336.0932089604806] SE=raise:'Error'
RAISE-MISMATCH houses|i|0.0|85.0|11.47: LE=ok:[167.5956467858847, 168.85582420952235, 170.7433466634435, 180.0, 341.3183311577478, 346.02050698016774, 347.5956467858847, 348.8558242095224, 350.7433466634435, 0.0, 161.31833115774785, 166.0205069801677, 167.5956467858847, 0.0, 0.0, 268.00685442969956, 90.0, 12.404353214115304, 91.99314557030044, 192.4043532141153] SE=raise:'Error'
RAISE-MISMATCH houses|i|0.0|85.0|-23.44: LE=ok:[167.5956467858847, 168.85582420952235, 170.7433466634435, 180.0, 341.3183311577478, 346.02050698016774, 347.5956467858847, 348.8558242095224, 350.7433466634435, 0.0, 161.31833115774785, 166.0205069801677, 167.5956467858847, 0.0, 0.0, 268.00685442969956, 90.0, 12.404353214115304, 91.99314557030044, 192.4043532141153] SE=raise:'Error'
RAISE-MISMATCH houses|i|0.0|-85.0|11.47: LE=ok:[12.404353214115304, 13.979493019832319, 18.68166884225218, 180.0, 189.2566533365565, 191.14417579047765, 192.4043532141153, 193.97949301983232, 198.68166884225215, 0.0, 9.256653336556496, 11.144175790477618, 12.404353214115304, 0.0, 0.0, 271.99314557030044, 90.0, 167.5956467858847, 88.00685442969956, 347.5956467858847] SE=raise:'Error'
RAISE-MISMATCH houses|i|0.0|-85.0|-23.44: LE=ok:[12.404353214115304, 13.979493019832319, 18.68166884225218, 180.0, 189.2566533365565, 191.14417579047765, 192.4043532141153, 193.97949301983232, 198.68166884225215, 0.0, 9.256653336556496, 11.144175790477618, 12.404353214115304, 0.0, 0.0, 271.99314557030044, 90.0, 167.5956467858847, 88.00685442969956, 347.5956467858847] SE=raise:'Error'
RAISE-MISMATCH houses|i|0.0|88.0|11.47: LE=ok:[174.98287872734858, 175.20475875010078, 175.59453448818772, 180.0, 354.1746744251493, 354.7395298668363, 354.9828787273486, 355.2047587501008, 355.5945344881877, 0.0, 174.17467442514933, 174.73952986683625, 174.98287872734858, 0.0, 0.0, 269.2041735938908, 90.0, 5.017121272651423, 90.79582640610919, 185.01712127265142] SE=raise:'Error'
RAISE-MISMATCH houses|i|0.0|88.0|-23.44: LE=ok:[174.98287872734858, 175.20475875010078, 175.59453448818772, 180.0, 354.1746744251493, 354.7395298668363, 354.9828787273486, 355.2047587501008, 355.5945344881877, 0.0, 174.17467442514933, 174.73952986683625, 174.98287872734858, 0.0, 0.0, 269.2041735938908, 90.0, 5.017121272651423, 90.79582640610919, 185.01712127265142] SE=raise:'Error'
RAISE-MISMATCH houses|i|0.0|-88.0|11.47: LE=ok:[5.0171212726514325, 5.260470133163722, 5.8253255748506945, 180.0, 184.40546551181228, 184.79524124989922, 185.01712127265142, 185.26047013316375, 185.82532557485067, 0.0, 4.405465511812281, 4.79524124989922, 5.0171212726514325, 0.0, 0.0, 270.7958264061092, 90.0, 174.98287872734863, 89.20417359389081, 354.9828787273486] SE=raise:'Error'
RAISE-MISMATCH houses|i|0.0|-88.0|-23.44: LE=ok:[5.0171212726514325, 5.260470133163722, 5.8253255748506945, 180.0, 184.40546551181228, 184.79524124989922, 185.01712127265142, 185.26047013316375, 185.82532557485067, 0.0, 4.405465511812281, 4.79524124989922, 5.0171212726514325, 0.0, 0.0, 270.7958264061092, 90.0, 174.98287872734863, 89.20417359389081, 354.9828787273486] SE=raise:'Error'
RAISE-MISMATCH houses|i|0.0|89.0|11.47: LE=ok:[177.48738621611685, 177.54439303615928, 177.65098737554672, 180.0, 357.29930864427115, 357.42767148838817, 357.4873862161169, 357.54439303615925, 357.6509873755467, 0.0, 177.29930864427112, 177.42767148838817, 177.48738621611685, 0.0, 0.0, 269.60218884190317, 90.0, 2.5126137838831255, 90.39781115809684, 182.51261378388315] SE=raise:'Error'
RAISE-MISMATCH houses|i|0.0|89.0|-23.44: LE=ok:[177.48738621611685, 177.54439303615928, 177.65098737554672, 180.0, 357.29930864427115, 357.42767148838817, 357.4873862161169, 357.54439303615925, 357.6509873755467, 0.0, 177.29930864427112, 177.42767148838817, 177.48738621611685, 0.0, 0.0, 269.60218884190317, 90.0, 2.5126137838831255, 90.39781115809684, 182.51261378388315] SE=raise:'Error'
RAISE-MISMATCH houses|i|0.0|-89.0|11.47: LE=ok:[2.512613783883154, 2.572328511611829, 2.70069135572885, 180.0, 182.34901262445328, 182.45560696384072, 182.51261378388315, 182.57232851161183, 182.70069135572888, 0.0, 2.3490126244532803, 2.4556069638407507, 2.512613783883154, 0.0, 0.0, 270.39781115809683, 90.0, 177.48738621611687, 89.60218884190316, 357.4873862161169] SE=raise:'Error'
RAISE-MISMATCH houses|i|0.0|-89.0|-23.44: LE=ok:[2.512613783883154, 2.572328511611829, 2.70069135572885, 180.0, 182.34901262445328, 182.45560696384072, 182.51261378388315, 182.57232851161183, 182.70069135572888, 0.0, 2.3490126244532803, 2.4556069638407507, 2.512613783883154, 0.0, 0.0, 270.39781115809683, 90.0, 177.48738621611687, 89.60218884190316, 357.4873862161169] SE=raise:'Error'
RAISE-MISMATCH houses|i|0.0|89.99|11.47: LE=ok:[179.9748602972414, 179.9748661389513, 179.9748778139813, 180.0, 359.9748427560704, 359.97485445298616, 359.97486029724143, 359.9748661389513, 359.9748778139813, 0.0, 179.97484275607042, 179.97485445298614, 179.9748602972414, 0.0, 0.0, 269.99602222840844, 90.0, 0.025139702758565363, 90.00397777159154, 180.0251397027586] SE=raise:'Error'
RAISE-MISMATCH houses|i|0.0|89.99|-23.44: LE=ok:[179.9748602972414, 179.9748661389513, 179.9748778139813, 180.0, 359.9748427560704, 359.97485445298616, 359.97486029724143, 359.9748661389513, 359.9748778139813, 0.0, 179.97484275607042, 179.97485445298614, 179.9748602972414, 0.0, 0.0, 269.99602222840844, 90.0, 0.025139702758565363, 90.00397777159154, 180.0251397027586] SE=raise:'Error'
RAISE-MISMATCH houses|i|0.0|-89.99|11.47: LE=ok:[0.025139702758583068, 0.025145547013835312, 0.025157243929584183, 180.0, 180.0251221860187, 180.0251338610487, 180.0251397027586, 180.02514554701386, 180.02515724392958, 0.0, 0.025122186018734283, 0.025133861048686867, 0.025139702758583068, 0.0, 0.0, 270.0039777715915, 90.0, 179.97486029724143, 89.99602222840846, 359.97486029724143] SE=raise:'Error'
RAISE-MISMATCH houses|i|0.0|-89.99|-23.44: LE=ok:[0.025139702758583068, 0.025145547013835312, 0.025157243929584183, 180.0, 180.0251221860187, 180.0251338610487, 180.0251397027586, 180.02514554701386, 180.02515724392958, 0.0, 0.025122186018734283, 0.025133861048686867, 0.025139702758583068, 0.0, 0.0, 270.0039777715915, 90.0, 179.97486029724143, 89.99602222840846, 359.97486029724143] SE=raise:'Error'
RAISE-MISMATCH houses|i|30.5|67.0|-23.44: LE=ok:[148.44018246867824, 162.99449743332008, 180.36074120935106, 212.70141514000184, 271.1033337470172, 309.33783143583, 328.44018246867824, 342.9944974333201, 0.3607412093510588, 32.70141514000185, 91.10333374701725, 129.3378314358297, 148.44018246867824, 32.70141514000185, 30.5, 289.00762373446696, 118.38848303327626, 61.314392613951554, 126.36793175800477, 241.31439261395155] SE=raise:'Error'
RAISE-MISMATCH houses|i|30.5|-67.0|-23.44: LE=ok:[61.31439261395158, 88.4853743330147, 181.11369180430188, 212.70141514000184, 223.4010390391692, 231.2153288685475, 241.31439261395158, 268.4853743330147, 1.1136918043018795, 32.70141514000185, 43.401039039169234, 51.21532886854715, 61.31439261395158, 32.70141514000185, 30.5, 306.3679317580048, 118.38848303327626, 148.44018246867824, 109.00762373446696, 328.44018246867824] SE=raise:'Error'
RAISE-MISMATCH houses|i|30.5|70.0|-23.44: LE=ok:[151.06427786318608, 164.24141035281116, 180.34154756954283, 212.70141514000184, 276.20658472074285, 313.6666536047237, 331.0642778631861, 344.24141035281116, 0.3415475695428312, 32.70141514000185, 96.20658472074287, 133.66665360472336, 151.06427786318608, 32.70141514000185, 30.5, 290.42577455255673, 118.38848303327626, 53.9471038258838, 125.31633778942432, 233.94710382588377] SE=raise:'Error'
RAISE-MISMATCH houses|i|30.5|-70.0|-23.44: LE=ok:[53.947103825883794, 73.27916458677117, 181.3474242644137, 212.70141514000184, 221.08509214932317, 226.8173021888506, 233.9471038258838, 253.27916458677117, 1.3474242644136893, 32.70141514000185, 41.085092149323145, 46.81730218885025, 53.947103825883794, 32.70141514000185, 30.5, 305.3163377894243, 118.38848303327626, 151.06427786318608, 110.42577455255672, 331.0642778631861] SE=raise:'Error'
RAISE-MISMATCH houses|i|30.5|80.0|11.47: LE=ok:[162.43255549895375, 169.85600498715397, 180.24444634110165, 212.70141514000184, 307.84297923952283, 332.9898742272094, 342.4325554989538, 349.85600498715394, 0.24444634110166977, 32.70141514000185, 127.84297923952286, 152.989874227212, 162.43255549895375, 32.70141514000185, 30.5, 294.6568098978793, 118.38848303327626, 25.70105234588891, 121.87503577430188, 205.70105234588888] SE=raise:'Error'
RAISE-MISMATCH houses|i|30.5|80.0|-23.44: LE=ok:[162.43255549895375, 169.85600498715397, 180.24444634110165, 212.70141514000184, 307.84297923952283, 332.9898742272094, 342.4325554989538, 349.85600498715394, 0.24444634110166977, 32.70141514000185, 127.84297923952286, 152.989874227212, 162.43255549895375, 32.70141514000185, 30.5, 294.6568098978793, 118.38848303327626, 25.70105234588891, 121.87503577430188, 205.70105234588888] SE=raise:'Error'
RAISE-MISMATCH houses|i|30.5|-80.0|11.47: LE=ok:[205.70105234588888, 23.088084900431227, 357.6261606934092, 212.70141514000184, 208.8524640092121, 207.20059499133365, 25.70105234588891, 203.08808490043123, 177.62616069340925, 32.70141514000185, 28.8524640092121, 27.20059499133629, 205.70105234588888, 32.70141514000185, 30.5, 301.87503577430186, 118.38848303327626, 162.43255549895366, 114.65680989787934, 342.4325554989537] SE=raise:'Error'
RAISE-MISMATCH houses|i|30.5|-80.0|-23.44: LE=ok:[205.70105234588888, 23.088084900431227, 357.6261606934092, 212.70141514000184, 208.8524640092121, 207.20059499133365, 25.70105234588891, 203.08808490043123, 177.62616069340925, 32.70141514000185, 28.8524640092121, 27.20059499133629, 205.70105234588888, 32.70141514000185, 30.5, 301.87503577430186, 118.38848303327626, 162.43255549895366, 114.65680989787934, 342.4325554989537] SE=raise:'Error'
RAISE-MISMATCH houses|i|30.5|85.0|11.47: LE=ok:[170.24596427637755, 174.06404865669896, 180.1567003946857, 212.70141514000184, 334.4606367387797, 345.778170504412, 350.24596427637755, 354.06404865669896, 0.1567003946857132, 32.70141514000185, 154.46063673877973, 165.77817050441186, 170.24596427637755, 32.70141514000185, 30.5, 296.56727330025586, 118.38848303327626, 11.922001035030917, 120.1492191076409, 191.92200103503095] SE=raise:'Error'
RAISE-MISMATCH houses|i|30.5|85.0|-23.44: LE=ok:[170.24596427637755, 174.06404865669896, 180.1567003946857, 212.70141514000184, 334.4606367387797, 345.778170504412, 350.24596427637755, 354.06404865669896, 0.1567003946857132, 32.70141514000185, 154.46063673877973, 165.77817050441186, 170.24596427637755, 32.70141514000185, 30.5, 296.56727330025586, 118.38848303327626, 11.922001035030917, 120.1492191076409, 191.92200103503095] SE=raise:'Error'
RAISE-MISMATCH houses|i|30.5|-85.0|11.47: LE=ok:[191.92200103503095, 8.915633885272428, 359.6312400593061, 212.70141514000184, 197.71271562789332, 194.27741939271846, 11.922001035030917, 188.91563388527243, 179.63124005930604, 32.70141514000185, 17.712715627893317, 14.277419392718286, 191.92200103503095, 32.70141514000185, 30.5, 300.1492191076409, 118.38848303327626, 170.24596427637755, 116.56727330025586, 350.24596427637755] SE=raise:'Error'
RAISE-MISMATCH houses|i|30.5|-85.0|-23.44: LE=ok:[191.92200103503095, 8.915633885272428, 359.6312400593061, 212.70141514000184, 197.71271562789332, 194.27741939271846, 11.922001035030917, 188.91563388527243, 179.63124005930604, 32.70141514000185, 17.712715627893317, 14.277419392718286, 191.92200103503095, 32.70141514000185, 30.5, 300.1492191076409, 118.38848303327626, 170.24596427637755, 116.56727330025586, 350.24596427637755] SE=raise:'Error'
RAISE-MISMATCH houses|i|30.5|88.0|11.47: LE=ok:[175.84354040296984, 177.35600005715338, 180.0756091230761, 212.70141514000184, 350.5757774353035, 354.21652896507817, 355.84354040296984, 357.3560000571534, 0.07560912307610325, 32.70141514000185, 170.5757774353035, 174.21652896507808, 175.84354040296984, 32.70141514000185, 30.5, 297.6687784709981, 118.38848303327626, 4.509371514794964, 119.09854746512119, 184.50937151479496] SE=raise:'Error'
RAISE-MISMATCH houses|i|30.5|88.0|-23.44: LE=ok:[175.84354040296984, 177.35600005715338, 180.0756091230761, 212.70141514000184, 350.5757774353035, 354.21652896507817, 355.84354040296984, 357.3560000571534, 0.07560912307610325, 32.70141514000185, 170.5757774353035, 174.21652896507808, 175.84354040296984, 32.70141514000185, 30.5, 297.6687784709981, 118.38848303327626, 4.509371514794964, 119.09854746512119, 184.50937151479496] SE=raise:'Error'
RAISE-MISMATCH houses|i|30.5|-88.0|11.47: LE=ok:[184.509371514795, 3.1089113000005, 359.89535463575726, 212.70141514000184, 188.05868164444263, 185.792802777645, 4.509371514795021, 183.10891130000053, 179.89535463575726, 32.70141514000185, 8.058681644442629, 5.792802777644965, 184.509371514795, 32.70141514000185, 30.5, 299.09854746512116, 118.38848303327626, 175.8435404029699, 117.66877847099812, 355.84354040296984] SE=raise:'Error'
RAISE-MISMATCH houses|i|30.5|-88.0|-23.44: LE=ok:[184.509371514795, 3.1089113000005, 359.89535463575726, 212.70141514000184, 188.05868164444263, 185.792802777645, 4.509371514795021, 183.10891130000053, 179.89535463575726, 32.70141514000185, 8.058681644442629, 5.792802777644965, 184.509371514795, 32.70141514000185, 30.5, 299.09854746512116, 118.38848303327626, 175.8435404029699, 117.66877847099812, 355.84354040296984] SE=raise:'Error'
RAISE-MISMATCH houses|i|30.5|89.0|11.47: LE=ok:[177.87802037419712, 178.62626463607847, 180.0406110354207, 212.70141514000184, 355.452336192965, 357.10058749249566, 357.87802037419715, 358.6262646360785, 0.04061103542072052, 32.70141514000185, 175.45233619296502, 177.1005874924956, 177.87802037419712, 32.70141514000185, 30.5, 298.0299435840596, 118.38848303327626, 2.2104225500922894, 118.74461371909312, 182.21042255009232] SE=raise:'Error'
RAISE-MISMATCH houses|i|30.5|89.0|-23.44: LE=ok:[177.87802037419712, 178.62626463607847, 180.0406110354207, 212.70141514000184, 355.452336192965, 357.10058749249566, 357.87802037419715, 358.6262646360785, 0.04061103542072052, 32.70141514000185, 175.45233619296502, 177.1005874924956, 177.87802037419712, 32.70141514000185, 30.5, 298.0299435840596, 118.38848303327626, 2.2104225500922894, 118.74461371909312, 182.21042255009232] SE=raise:'Error'
RAISE-MISMATCH houses|i|30.5|-89.0|11.47: LE=ok:[182.21042255009232, 1.4895405676911082, 359.95227644811416, 212.70141514000184, 184.2020774883641, 182.90176194602958, 2.2104225500922894, 181.4895405676911, 179.95227644811416, 32.70141514000185, 4.202077488364125, 2.9017619460295236, 182.21042255009232, 32.70141514000185, 30.5, 298.7446137190931, 118.38848303327626, 177.87802037419715, 118.02994358405962, 357.87802037419715] SE=raise:'Error'
RAISE-MISMATCH houses|i|30.5|-89.0|-23.44: LE=ok:[182.21042255009232, 1.4895405676911082, 359.95227644811416, 212.70141514000184, 184.2020774883641, 182.90176194602958, 2.2104225500922894, 181.4895405676911, 179.95227644811416, 32.70141514000185, 4.202077488364125, 2.9017619460295236, 182.21042255009232, 32.70141514000185, 30.5, 298.7446137190931, 118.38848303327626, 177.87802037419715, 118.02994358405962, 357.87802037419715] SE=raise:'Error'
RAISE-MISMATCH houses|i|30.5|89.99|11.47: LE=ok:[179.97834332348185, 179.98571130132524, 180.00043841208057, 212.70141514000184, 359.95622168220507, 359.9709723954879, 359.97834332348185, 359.98571130132524, 0.0004384120805654813, 32.70141514000185, 179.9562216822051, 179.97097239548785, 179.97834332348185, 32.70141514000185, 30.5, 298.38490991925494, 118.38848303327626, 0.021665527969730647, 118.39205590646353, 180.02166552796973] SE=raise:'Error'
RAISE-MISMATCH houses|i|30.5|89.99|-23.44: LE=ok:[179.97834332348185, 179.98571130132524, 180.00043841208057, 212.70141514000184, 359.95622168220507, 359.9709723954879, 359.97834332348185, 359.98571130132524, 0.0004384120805654813, 32.70141514000185, 179.9562216822051, 179.97097239548785, 179.97834332348185, 32.70141514000185, 30.5, 298.38490991925494, 118.38848303327626, 0.021665527969730647, 118.39205590646353, 180.02166552796973] SE=raise:'Error'
RAISE-MISMATCH houses|i|30.5|-89.99|11.47: LE=ok:[180.02166552796973, 0.014300265113320165, 359.99956088142153, 212.70141514000184, 180.04374361849733, 180.02902784001122, 0.021665527969730647, 180.01430026511332, 179.99956088142153, 32.70141514000185, 0.04374361849733077, 0.02902784001122427, 180.02166552796973, 32.70141514000185, 30.5, 298.3920559064635, 118.38848303327626, 179.9783433234818, 118.38490991925494, 359.97834332348185] SE=raise:'Error'
RAISE-MISMATCH houses|i|30.5|-89.99|-23.44: LE=ok:[180.02166552796973, 0.014300265113320165, 359.99956088142153, 212.70141514000184, 180.04374361849733, 180.02902784001122, 0.021665527969730647, 180.01430026511332, 179.99956088142153, 32.70141514000185, 0.04374361849733077, 0.02902784001122427, 180.02166552796973, 32.70141514000185, 30.5, 298.3920559064635, 118.38848303327626, 179.9783433234818, 118.38490991925494, 359.97834332348185] SE=raise:'Error'
RAISE-MISMATCH houses|i|45.0|67.0|-23.44: LE=ok:[155.9687847915644, 171.33222455083995, 190.81560835223277, 227.4641764546028, 283.45467644905375, 317.361420947, 335.9687847915644, 351.33222455083995, 10.815608352232779, 47.46417645460281, 103.45467644905374, 137.36142094700006, 155.9687847915644, 47.46417645460281, 45.0, 304.1646290049037, 132.5358235453972, 67.81517644594192, 139.14503832929452, 247.81517644594194] SE=raise:'Error'
RAISE-MISMATCH houses|i|45.0|-67.0|-23.44: LE=ok:[67.81517644594196, 106.09167255986927, 211.78555353540236, 227.4641764546028, 233.8362048824656, 239.27503181944678, 247.81517644594197, 286.09167255986927, 31.785553535402414, 47.46417645460281, 53.83620488246561, 59.27503181944684, 67.81517644594196, 47.46417645460281, 45.0, 319.1450383292945, 132.5358235453972, 155.9687847915643, 124.1646290049037, 335.96878479156436] SE=raise:'Error'
RAISE-MISMATCH houses|i|45.0|70.0|-23.44: LE=ok:[157.9028386377409, 171.96161992491108, 190.24038182220147, 227.4641764546028, 287.73841800208544, 320.7901610362398, 337.9028386377409, 351.9616199249111, 10.240381822201465, 47.46417645460281, 107.73841800208544, 140.79016103623982, 157.9028386377409, 47.46417645460281, 45.0, 305.47874774118077, 132.5358235453972, 57.86752361809755, 138.2963271692766, 237.86752361809755] SE=raise:'Error'
RAISE-MISMATCH houses|i|45.0|-70.0|-23.44: LE=ok:[57.867523618097565, 76.89655677980909, 217.29762785089832, 227.4641764546028, 230.9387068646674, 233.72080259909512, 237.86752361809755, 256.8965567798091, 37.29762785089832, 47.46417645460281, 50.93870686466744, 53.72080259909518, 57.867523618097565, 47.46417645460281, 45.0, 318.2963271692766, 132.5358235453972, 157.90283863774084, 125.47874774118078, 337.9028386377409] SE=raise:'Error'
RAISE-MISMATCH houses|i|45.0|80.0|11.47: LE=ok:[166.31813648925268, 174.79262369457945, 187.32232020155578, 227.4641764546028, 312.6730979222298, 336.2104959365959, 346.31813648925265, 354.79262369457945, 7.322320201555773, 47.46417645460281, 132.67309792222983, 156.21049593659595, 166.31813648925268, 47.46417645460281, 45.0, 309.29314550593045, 132.5358235453972, 23.748341963521284, 135.47369685879175, 203.74834196352128] SE=raise:'Error'
RAISE-MISMATCH houses|i|45.0|80.0|-23.44: LE=ok:[166.31813648925268, 174.79262369457945, 187.32232020155578, 227.4641764546028, 312.6730979222298, 336.2104959365959, 346.31813648925265, 354.79262369457945, 7.322320201555773, 47.46417645460281, 132.67309792222983, 156.21049593659595, 166.31813648925268, 47.46417645460281, 45.0, 309.29314550593045, 132.5358235453972, 23.748341963521284, 135.47369685879175, 203.74834196352128] SE=raise:'Error'
RAISE-MISMATCH houses|i|45.0|-80.0|11.47: LE=ok:[203.74834196352128, 13.629157506549973, 313.0450676842547, 227.4641764546028, 215.2764622372874, 209.37188991506508, 23.748341963521284, 193.62915750655, 133.04506768425472, 47.46417645460281, 35.27646223728743, 29.37188991506514, 203.74834196352128, 47.46417645460281, 45.0, 315.47369685879175, 132.5358235453972, 166.31813648925277, 129.29314550593045, 346.3181364892527] SE=raise:'Error'
RAISE-MISMATCH houses|i|45.0|-80.0|-23.44: LE=ok:[203.74834196352128, 13.629157506549973, 313.0450676842547, 227.4641764546028, 215.2764622372874, 209.37188991506508, 23.748341963521284, 193.62915750655, 133.04506768425472, 47.46417645460281, 35.27646223728743, 29.37188991506514, 203.74834196352128, 47.46417645460281, 45.0, 315.47369685879175, 132.5358235453972, 166.31813648925277, 129.29314550593045, 346.3181364892527] SE=raise:'Error'
RAISE-MISMATCH houses|i|45.0|85.0|11.47: LE=ok:[172.24948293629427, 176.92870104725776, 184.68304411007074, 227.4641764546028, 334.617558779347, 346.9731121634787, 352.24948293629427, 356.9287010472578, 4.683044110070751, 47.46417645460281, 154.617558779347, 166.97311216347867, 172.24948293629427, 47.46417645460281, 45.0, 310.96667238052066, 132.5358235453972, 10.282159756802912, 134.02990897024827, 190.28215975680288] SE=raise:'Error'
RAISE-MISMATCH houses|i|45.0|85.0|-23.44: LE=ok:[172.24948293629427, 176.92870104725776, 184.68304411007074, 227.4641764546028, 334.617558779347, 346.9731121634787, 352.24948293629427, 356.9287010472578, 4.683044110070751, 47.46417645460281, 154.617558779347, 166.97311216347867, 172.24948293629427, 47.46417645460281, 45.0, 310.96667238052066, 132.5358235453972, 10.282159756802912, 134.02990897024827, 190.28215975680288] SE=raise:'Error'
RAISE-MISMATCH houses|i|45.0|-85.0|11.47: LE=ok:[190.2821597568029, 4.8484265011547905, 349.43062404793443, 227.4641764546028, 201.04239252806872, 194.63106490278844, 10.282159756802912, 184.8484265011548, 169.43062404793443, 47.46417645460281, 21.042392528068717, 14.631064902788466, 190.2821597568029, 47.46417645460281, 45.0, 314.02990897024824, 132.5358235453972, 172.24948293629427, 130.9666723805207, 352.24948293629427] SE=raise:'Error'
RAISE-MISMATCH houses|i|45.0|-85.0|-23.44: LE=ok:[190.2821597568029, 4.8484265011547905, 349.43062404793443, 227.4641764546028, 201.04239252806872, 194.63106490278844, 10.282159756802912, 184.8484265011548, 169.43062404793443, 47.46417645460281, 21.042392528068717, 14.631064902788466, 190.2821597568029, 47.46417645460281, 45.0, 314.02990897024824, 132.5358235453972, 172.24948293629427, 130.9666723805207, 352.24948293629427] SE=raise:'Error'
RAISE-MISMATCH houses|i|45.0|88.0|11.47: LE=ok:[176.6387812263258, 178.62092839454422, 182.251960690625, 227.4641764546028, 349.96396399125626, 354.53825891441096, 356.6387812263258, 358.62092839454425, 2.251960690624992, 47.46417645460281, 169.96396399125626, 174.53825891441096, 176.6387812263258, 47.46417645460281, 45.0, 311.9186899575366, 132.5358235453972, 3.7661079780398268, 133.14099668913616, 183.7661079780398] SE=raise:'Error'
RAISE-MISMATCH houses|i|45.0|88.0|-23.44: LE=ok:[176.6387812263258, 178.62092839454422, 182.251960690625, 227.4641764546028, 349.96396399125626, 354.53825891441096, 356.6387812263258, 358.62092839454425, 2.251960690624992, 47.46417645460281, 169.96396399125626, 174.53825891441096, 176.6387812263258, 47.46417645460281, 45.0, 311.9186899575366, 132.5358235453972, 3.7661079780398268, 133.14099668913616, 183.7661079780398] SE=raise:'Error'
RAISE-MISMATCH houses|i|45.0|-88.0|11.47: LE=ok:[183.7661079780398, 1.6511735274277726, 356.9194596811476, 227.4641764546028, 189.24712177787336, 185.7294229899021, 3.7661079780398268, 181.6511735274278, 176.9194596811476, 47.46417645460281, 9.24712177787336, 5.729422989902105, 183.7661079780398, 47.46417645460281, 45.0, 313.14099668913616, 132.5358235453972, 176.63878122632582, 131.91868995753663, 356.6387812263258] SE=raise:'Error'
RAISE-MISMATCH houses|i|45.0|-88.0|-23.44: LE=ok:[183.7661079780398, 1.6511735274277726, 356.9194596811476, 227.4641764546028, 189.24712177787336, 185.7294229899021, 3.7661079780398268, 181.6511735274278, 176.9194596811476, 47.46417645460281, 9.24712177787336, 5.729422989902105, 183.7661079780398, 47.46417645460281, 45.0, 313.14099668913616, 132.5358235453972, 176.63878122632582, 131.91868995753663, 356.6387812263258] SE=raise:'Error'
RAISE-MISMATCH houses|i|45.0|89.0|11.47: LE=ok:[178.2719091792129, 179.28093135286105, 181.20736104354677, 227.4641764546028, 355.05184890011, 357.23124299753454, 358.2719091792129, 359.28093135286105, 1.2073610435467674, 47.46417645460281, 175.05184890011, 177.23124299753454, 178.2719091792129, 47.46417645460281, 45.0, 312.2288590519883, 132.5358235453972, 1.8292992928955982, 132.8397997091562, 181.8292992928956] SE=raise:'Error'
RAISE-MISMATCH houses|i|45.0|89.0|-23.44: LE=ok:[178.2719091792129, 179.28093135286105, 181.20736104354677, 227.4641764546028, 355.05184890011, 357.23124299753454, 358.2719091792129, 359.28093135286105, 1.2073610435467674, 47.46417645460281, 175.05184890011, 177.23124299753454, 178.2719091792129, 47.46417645460281, 45.0, 312.2288590519883, 132.5358235453972, 1.8292992928955982, 132.8397997091562, 181.8292992928956] SE=raise:'Error'
RAISE-MISMATCH houses|i|45.0|-89.0|11.47: LE=ok:[181.8292992928956, 0.7866759778456753, 358.58906537311225, 227.4641764546028, 184.74706170973852, 182.83608809363668, 1.8292992928955982, 180.78667597784568, 178.58906537311225, 47.46417645460281, 4.747061709738546, 2.836088093636704, 181.8292992928956, 47.46417645460281, 45.0, 312.8397997091562, 132.5358235453972, 178.2719091792129, 132.2288590519883, 358.2719091792129] SE=raise:'Error'
RAISE-MISMATCH houses|i|45.0|-89.0|-23.44: LE=ok:[181.8292992928956, 0.7866759778456753, 358.58906537311225, 227.4641764546028, 184.74706170973852, 182.83608809363668, 1.8292992928955982, 180.78667597784568, 178.58906537311225, 47.46417645460281, 4.747061709738546, 2.836088093636704, 181.8292992928956, 47.46417645460281, 45.0, 312.8397997091562, 132.5358235453972, 178.2719091792129, 132.2288590519883, 358.2719091792129] SE=raise:'Error'
RAISE-MISMATCH houses|i|45.0|89.99|11.47: LE=ok:[179.9822286038636, 179.99249015789675, 180.0130031558529, 227.4641764546028, 359.95142370976225, 359.97196367860425, 359.98222860386363, 359.9924901578967, 0.01300315585290584, 47.46417645460281, 179.95142370976222, 179.97196367860425, 179.9822286038636, 47.46417645460281, 45.0, 312.53276904700607, 132.5358235453972, 0.017781516480397386, 132.53887774501467, 180.0177815164804] SE=raise:'Error'
RAISE-MISMATCH houses|i|45.0|89.99|-23.44: LE=ok:[179.9822286038636, 179.99249015789675, 180.0130031558529, 227.4641764546028, 359.95142370976225, 359.97196367860425, 359.98222860386363, 359.9924901578967, 0.01300315585290584, 47.46417645460281, 179.95142370976222, 179.97196367860425, 179.9822286038636, 47.46417645460281, 45.0, 312.53276904700607, 132.5358235453972, 0.017781516480397386, 132.53887774501467, 180.0177815164804] SE=raise:'Error'
RAISE-MISMATCH houses|i|45.0|-89.99|11.47: LE=ok:[180.01778151648043, 0.007516589000601925, 359.9869766034476, 227.4641764546028, 180.0485560495631, 180.02804306829032, 0.01778151648045423, 180.00751658900057, 179.9869766034476, 47.46417645460281, 0.04855604956310344, 0.02804306829034431, 180.01778151648043, 47.46417645460281, 45.0, 312.53887774501464, 132.5358235453972, 179.98222860386363, 132.5327690470061, 359.98222860386363] SE=raise:'Error'
RAISE-MISMATCH houses|i|45.0|-89.99|-23.44: LE=ok:[180.01778151648043, 0.007516589000601925, 359.9869766034476, 227.4641764546028, 180.0485560495631, 180.02804306829032, 0.01778151648045423, 180.00751658900057, 179.9869766034476, 47.46417645460281, 0.04855604956310344, 0.02804306829034431, 180.01778151648043, 47.46417645460281, 45.0, 312.53887774501464, 132.5358235453972, 179.98222860386363, 132.5327690470061, 359.98222860386363] SE=raise:'Error'
RAISE-MISMATCH houses|i|90.0|67.0|-23.44: LE=ok:[180.0, 197.29185957165947, 223.04328189586394, 270.0, 316.95671810413603, 342.70814042834047, 0.0, 17.29185957165948, 43.04328189586396, 90.0, 136.95671810413603, 162.70814042834053, 180.0, 90.0, 90.0, 360.0, 180.0, 0.0, 180.0, 180.0] SE=raise:'Error'
RAISE-MISMATCH houses|i|90.0|-67.0|-23.44: LE=ok:[180.00000000000017, 271.9465413438053, 270.6490690965794, 270.0, 269.3509309034206, 268.0534586561947, 1.7053025658242404e-13, 91.94654134380528, 90.64906909657941, 90.0, 89.35093090342059, 88.05345865619472, 180.00000000000017, 90.0, 90.0, 360.0, 180.0, 180.0, 180.0, 0.0] SE=raise:'Error'
RAISE-MISMATCH houses|i|90.0|70.0|-23.44: LE=ok:[180.0, 196.02336017222282, 220.74687245360744, 270.0, 319.25312754639253, 343.97663982777715, 0.0, 16.02336017222281, 40.74687245360746, 90.0, 139.25312754639253, 163.9766398277772, 180.0, 90.0, 90.0, 360.0, 180.0, 0.0, 180.0, 180.0] SE=raise:'Error'
RAISE-MISMATCH houses|i|90.0|-70.0|-23.44: LE=ok:[180.00000000000003, 286.8990249315134, 275.7825279192644, 270.0, 264.2174720807356, 253.1009750684866, 0.0, 106.8990249315134, 95.7825279192644, 90.0, 84.2174720807356, 73.10097506848666, 180.00000000000003, 90.0, 90.0, 360.0, 180.0, 180.0, 180.0, 0.0] SE=raise:'Error'
RAISE-MISMATCH houses|i|90.0|80.0|11.47: LE=ok:[180.0, 190.31132268791498, 208.62592638217427, 270.0, 331.37407361782573, 349.688677312085, 0.0, 10.311322687914972, 28.625926382174285, 90.0, 151.37407361782573, 169.68867731208502, 180.0, 90.0, 90.0, 360.0, 180.0, 0.0, 180.0, 180.0] SE=raise:'Error'
RAISE-MISMATCH houses|i|90.0|80.0|-23.44: LE=ok:[180.0, 190.31132268791498, 208.62592638217427, 270.0, 331.37407361782573, 349.688677312085, 0.0, 10.311322687914972, 28.625926382174285, 90.0, 151.37407361782573, 169.68867731208502, 180.0, 90.0, 90.0, 360.0, 180.0, 0.0, 180.0, 180.0] SE=raise:'Error'
RAISE-MISMATCH houses|i|90.0|-80.0|11.47: LE=ok:[180.0, 336.6662917928028, 307.6946835573113, 270.0, 232.30531644268868, 203.33370820719725, 0.0, 156.66629179280267, 127.69468355731135, 90.0, 52.30531644268871, 23.333708207197276, 180.0, 90.0, 90.0, 360.0, 180.0, 180.0, 180.0, 0.0] SE=raise:'Error'
RAISE-MISMATCH houses|i|90.0|-80.0|-23.44: LE=ok:[180.0, 336.6662917928028, 307.6946835573113, 270.0, 232.30531644268868, 203.33370820719725, 0.0, 156.66629179280267, 127.69468355731135, 90.0, 52.30531644268871, 23.333708207197276, 180.0, 90.0, 90.0, 360.0, 180.0, 180.0, 180.0, 0.0] SE=raise:'Error'
RAISE-MISMATCH houses|i|90.0|85.0|11.47: LE=ok:[180.0, 186.03163749159987, 197.5879714670993, 270.0, 342.4120285329007, 353.96836250840016, 0.0, 6.031637491599856, 17.587971467099266, 90.0, 162.4120285329007, 173.96836250840013, 180.0, 90.0, 90.0, 360.0, 180.0, 0.0, 180.0, 180.0] SE=raise:'Error'
RAISE-MISMATCH houses|i|90.0|85.0|-23.44: LE=ok:[180.0, 186.03163749159987, 197.5879714670993, 270.0, 342.4120285329007, 353.96836250840016, 0.0, 6.031637491599856, 17.587971467099266, 90.0, 162.4120285329007, 173.96836250840013, 180.0, 90.0, 90.0, 360.0, 180.0, 0.0, 180.0, 180.0] SE=raise:'Error'
RAISE-MISMATCH houses|i|90.0|-85.0|11.47: LE=ok:[180.0, 350.9606955289952, 334.4865763425845, 270.0, 205.51342365741556, 189.0393044710048, 0.0, 170.9606955289952, 154.48657634258439, 90.0, 25.5134236574155, 9.039304471004812, 180.0, 90.0, 90.0, 360.0, 180.0, 180.0, 180.0, 0.0] SE=raise:'Error'
RAISE-MISMATCH houses|i|90.0|-85.0|-23.44: LE=ok:[180.0, 350.9606955289952, 334.4865763425845, 270.0, 205.51342365741556, 189.0393044710048, 0.0, 170.9606955289952, 154.48657634258439, 90.0, 25.5134236574155, 9.039304471004812, 180.0, 90.0, 90.0, 360.0, 180.0, 180.0, 180.0, 0.0] SE=raise:'Error'
RAISE-MISMATCH houses|i|90.0|88.0|11.47: LE=ok:[180.0, 182.6856206726892, 188.01016989776508, 270.0, 351.9898301022349, 357.3143793273108, 0.0, 2.685620672689204, 8.010169897765078, 90.0, 171.98983010223492, 177.3143793273108, 180.0, 90.0, 90.0, 360.0, 180.0, 0.0, 180.0, 180.0] SE=raise:'Error'
RAISE-MISMATCH houses|i|90.0|88.0|-23.44: LE=ok:[180.0, 182.6856206726892, 188.01016989776508, 270.0, 351.9898301022349, 357.3143793273108, 0.0, 2.685620672689204, 8.010169897765078, 90.0, 171.98983010223492, 177.3143793273108, 180.0, 90.0, 90.0, 360.0, 180.0, 0.0, 180.0, 180.0] SE=raise:'Error'
RAISE-MISMATCH houses|i|90.0|-88.0|11.47: LE=ok:[180.0, 356.8447308200815, 350.6096037535585, 270.0, 189.39039624644153, 183.1552691799185, 0.0, 176.8447308200815, 170.60960375355853, 90.0, 9.390396246441526, 3.1552691799184913, 180.0, 90.0, 90.0, 360.0, 180.0, 180.0, 180.0, 0.0] SE=raise:'Error'
RAISE-MISMATCH houses|i|90.0|-88.0|-23.44: LE=ok:[180.0, 356.8447308200815, 350.6096037535585, 270.0, 189.39039624644153, 183.1552691799185, 0.0, 176.8447308200815, 170.60960375355853, 90.0, 9.390396246441526, 3.1552691799184913, 180.0, 90.0, 90.0, 360.0, 180.0, 180.0, 180.0, 0.0] SE=raise:'Error'
RAISE-MISMATCH houses|i|90.0|89.0|11.47: LE=ok:[180.0, 181.39513322572736, 184.1788017592239, 270.0, 355.82119824077614, 358.60486677427264, 0.0, 1.3951332257273714, 4.178801759223845, 90.0, 175.82119824077614, 178.60486677427264, 180.0, 90.0, 90.0, 360.0, 180.0, 0.0, 180.0, 180.0] SE=raise:'Error'
RAISE-MISMATCH houses|i|90.0|89.0|-23.44: LE=ok:[180.0, 181.39513322572736, 184.1788017592239, 270.0, 355.82119824077614, 358.60486677427264, 0.0, 1.3951332257273714, 4.178801759223845, 90.0, 175.82119824077614, 178.60486677427264, 180.0, 90.0, 90.0, 360.0, 180.0, 0.0, 180.0, 180.0] SE=raise:'Error'
RAISE-MISMATCH houses|i|90.0|-89.0|11.47: LE=ok:[180.0, 358.4878689885039, 355.4720035783249, 270.0, 184.52799642167506, 181.5121310114961, 0.0, 178.4878689885038, 175.47200357832492, 90.0, 4.527996421675084, 1.5121310114960806, 180.0, 90.0, 90.0, 360.0, 180.0, 180.0, 180.0, 0.0] SE=raise:'Error'
RAISE-MISMATCH houses|i|90.0|-89.0|-23.44: LE=ok:[180.0, 358.4878689885039, 355.4720035783249, 270.0, 184.52799642167506, 181.5121310114961, 0.0, 178.4878689885038, 175.47200357832492, 90.0, 4.527996421675084, 1.5121310114960806, 180.0, 90.0, 90.0, 360.0, 180.0, 180.0, 180.0, 0.0] SE=raise:'Error'
RAISE-MISMATCH houses|i|90.0|89.99|11.47: LE=ok:[180.0, 180.01450857409492, 180.0435257149783, 270.0, 359.95647428502167, 359.9854914259051, 0.0, 0.014508574094917176, 0.04352571497830796, 90.0, 179.9564742850217, 179.98549142590508, 180.0, 90.0, 90.0, 360.0, 180.0, 0.0, 180.0, 180.0] SE=raise:'Error'
RAISE-MISMATCH houses|i|90.0|89.99|-23.44: LE=ok:[180.0, 180.01450857409492, 180.0435257149783, 270.0, 359.95647428502167, 359.9854914259051, 0.0, 0.014508574094917176, 0.04352571497830796, 90.0, 179.9564742850217, 179.98549142590508, 180.0, 90.0, 90.0, 360.0, 180.0, 0.0, 180.0, 180.0] SE=raise:'Error'
RAISE-MISMATCH houses|i|90.0|-89.99|11.47: LE=ok:[180.0, 359.98547973993715, 359.95643922713566, 270.0, 180.0435607728643, 180.01452026006285, 0.0, 179.9854797399371, 179.95643922713566, 90.0, 0.043560772864339015, 0.01452026006285223, 180.0, 90.0, 90.0, 360.0, 180.0, 180.0, 180.0, 0.0] SE=raise:'Error'
RAISE-MISMATCH houses|i|90.0|-89.99|-23.44: LE=ok:[180.0, 359.98547973993715, 359.95643922713566, 270.0, 180.0435607728643, 180.01452026006285, 0.0, 179.9854797399371, 179.95643922713566, 90.0, 0.043560772864339015, 0.01452026006285223, 180.0, 90.0, 90.0, 360.0, 180.0, 180.0, 180.0, 0.0] SE=raise:'Error'
RAISE-MISMATCH houses|i|123.456|67.0|-23.44: LE=ok:[197.94210133530103, 216.21652050556443, 247.51057388833806, 301.2265646778774, 340.8834719069506, 1.998705758180149, 17.942101335301004, 36.21652050556445, 67.510573888338, 121.22656467787738, 160.8834719069506, 181.99870575818014, 197.94210133530103, 121.22656467787738, 123.456, 42.73906375939677, 215.76189251200074, 287.2934242393703, 210.54303177458755, 107.29342423937031] SE=raise:'Error'
RAISE-MISMATCH houses|i|123.456|-67.0|-23.44: LE=ok:[287.2934242393703, 294.1734499946763, 297.69112784938716, 301.2265646778774, 308.2439737436757, 30.036651325617072, 107.29342423937032, 114.17344999467633, 117.69112784938716, 121.22656467787738, 128.24397374367567, 210.03665132561707, 287.2934242393703, 121.22656467787738, 123.456, 30.54303177458755, 215.76189251200074, 197.94210133530103, 222.73906375939677, 17.942101335301032] SE=raise:'Error'
RAISE-MISMATCH houses|i|123.456|70.0|-23.44: LE=ok:[196.5234885252299, 213.4047579908647, 243.80147502331806, 301.2265646778774, 341.8995950791633, 1.8540185588388922, 16.523488525229936, 33.404757990864695, 63.80147502331803, 121.22656467787738, 161.89959507916328, 181.8540185588389, 196.5234885252299, 121.22656467787738, 123.456, 41.6116954336171, 215.76189251200074, 300.70644944861033, 211.20155192275666, 120.7064494486103] SE=raise:'Error'
RAISE-MISMATCH houses|i|123.456|-70.0|-23.44: LE=ok:[300.7064494486103, 300.9496881905796, 301.0835009163202, 301.2265646778774, 301.54455882724017, 116.95195868510882, 120.70644944861027, 120.9496881905796, 121.08350091632002, 121.22656467787738, 121.54455882724011, 296.9519586851088, 300.7064494486103, 121.22656467787738, 123.456, 31.20155192275667, 215.76189251200074, 196.5234885252299, 221.6116954336171, 16.5234885252299] SE=raise:'Error'
RAISE-MISMATCH houses|i|123.456|80.0|11.47: LE=ok:[190.3407552137002, 200.73034261702887, 222.94060875549613, 301.2265646778774, 347.08415032078466, 1.2034897744560362, 10.340755213700163, 20.730342617028857, 42.940608755496406, 121.22656467787738, 167.0841503207847, 181.20348977445605, 190.3407552137002, 121.22656467787738, 123.456, 38.40954183098309, 215.76189251200074, 339.7011816816902, 213.4151910195192, 159.70118168169017] SE=raise:'Error'
RAISE-MISMATCH houses|i|123.456|80.0|-23.44: LE=ok:[190.3407552137002, 200.73034261702887, 222.94060875549613, 301.2265646778774, 347.08415032078466, 1.2034897744560362, 10.340755213700163, 20.730342617028857, 42.940608755496406, 121.22656467787738, 167.0841503207847, 181.20348977445605, 190.3407552137002, 121.22656467787738, 123.456, 38.40954183098309, 215.76189251200074, 339.7011816816902, 213.4151910195192, 159.70118168169017] SE=raise:'Error'
RAISE-MISMATCH houses|i|123.456|-80.0|11.47: LE=ok:[159.70118168169017, 329.90663656414506, 319.84951491965376, 301.2265646778774, 235.4959890353794, 176.67582061906057, 339.7011816816902, 149.90663656414506, 139.84951491965376, 121.22656467787738, 55.49598903537941, 356.6758206190606, 159.70118168169017, 121.22656467787738, 123.456, 33.4151910195192, 215.76189251200074, 190.3407552137002, 218.40954183098307, 10.340755213700195] SE=raise:'Error'
RAISE-MISMATCH houses|i|123.456|-80.0|-23.44: LE=ok:[159.70118168169017, 329.90663656414506, 319.84951491965376, 301.2265646778774, 235.4959890353794, 176.67582061906057, 339.7011816816902, 149.90663656414506, 139.84951491965376, 121.22656467787738, 55.49598903537941, 356.6758206190606, 159.70118168169017, 121.22656467787738, 123.456, 33.4151910195192, 215.76189251200074, 190.3407552137002, 218.40954183098307, 10.340755213700195] SE=raise:'Error'
RAISE-MISMATCH houses|i|123.456|85.0|11.47: LE=ok:[185.92504195484318, 191.62755991627688, 204.22950150730605, 301.2265646778774, 351.78147099672333, 0.7116249986691172, 5.925041954843209, 11.627559916276882, 24.229501507306004, 121.22656467787738, 171.78147099672336, 180.71162499866912, 185.92504195484318, 121.22656467787738, 123.456, 37.03511555230601, 215.76189251200074, 351.70465375930803, 214.5626618179951, 171.70465375930806] SE=raise:'Error'
RAISE-MISMATCH houses|i|123.456|85.0|-23.44: LE=ok:[185.92504195484318, 191.62755991627688, 204.22950150730605, 301.2265646778774, 351.78147099672333, 0.7116249986691172, 5.925041954843209, 11.627559916276882, 24.229501507306004, 121.22656467787738, 171.78147099672336, 180.71162499866912, 185.92504195484318, 121.22656467787738, 123.456, 37.03511555230601, 215.76189251200074, 351.70465375930803, 214.5626618179951, 171.70465375930806] SE=raise:'Error'
RAISE-MISMATCH houses|i|123.456|-85.0|11.47: LE=ok:[171.70465375930803, 345.769423341303, 336.7971744842644, 301.2265646778774, 197.10096400689844, 178.85710642453387, 351.70465375930803, 165.76942334130308, 156.79717448426425, 121.22656467787738, 17.100964006898437, 358.85710642453387, 171.70465375930803, 121.22656467787738, 123.456, 34.562661817995114, 215.76189251200074, 185.92504195484318, 217.035115552306, 5.925041954843183] SE=raise:'Error'
RAISE-MISMATCH houses|i|123.456|-85.0|-23.44: LE=ok:[171.70465375930803, 345.769423341303, 336.7971744842644, 301.2265646778774, 197.10096400689844, 178.85710642453387, 351.70465375930803, 165.76942334130308, 156.79717448426425, 121.22656467787738, 17.100964006898437, 358.85710642453387, 171.70465375930803, 121.22656467787738, 123.456, 34.562661817995114, 215.76189251200074, 185.92504195484318, 217.035115552306, 5.925041954843183] SE=raise:'Error'
RAISE-MISMATCH houses|i|123.456|88.0|11.47: LE=ok:[182.59662085054697, 184.97601124797325, 190.0362204483128, 301.2265646778774, 356.0767609444575, 0.3203788437964567, 2.5966208505469695, 4.976011247973232, 10.036220448312768, 121.22656467787738, 176.07676094445748, 180.32037884379645, 182.59662085054697, 121.22656467787738, 123.456, 36.26091255608524, 215.76189251200074, 357.02988029070775, 215.27465649045647, 177.02988029070778] SE=raise:'Error'
RAISE-MISMATCH houses|i|123.456|88.0|-23.44: LE=ok:[182.59662085054697, 184.97601124797325, 190.0362204483128, 301.2265646778774, 356.0767609444575, 0.3203788437964567, 2.5966208505469695, 4.976011247973232, 10.036220448312768, 121.22656467787738, 176.07676094445748, 180.32037884379645, 182.59662085054697, 121.22656467787738, 123.456, 36.26091255608524, 215.76189251200074, 357.02988029070775, 215.27465649045647, 177.02988029070778] SE=raise:'Error'
RAISE-MISMATCH houses|i|123.456|-88.0|11.47: LE=ok:[177.02988029070775, 354.59487048724327, 350.15301147087314, 301.2265646778774, 185.23796367251398, 179.61404940438752, 357.02988029070775, 174.59487048724327, 170.15301147087303, 121.22656467787738, 5.237963672513956, 359.61404940438746, 177.02988029070775, 121.22656467787738, 123.456, 35.274656490456444, 215.76189251200074, 182.59662085054697, 216.26091255608523, 2.5966208505469703] SE=raise:'Error'
RAISE-MISMATCH houses|i|123.456|-88.0|-23.44: LE=ok:[177.02988029070775, 354.59487048724327, 350.15301147087314, 301.2265646778774, 185.23796367251398, 179.61404940438752, 357.02988029070775, 174.59487048724327, 170.15301147087303, 121.22656467787738, 5.237963672513956, 359.61404940438746, 177.02988029070775, 121.22656467787738, 123.456, 35.274656490456444, 215.76189251200074, 182.59662085054697, 216.26091255608523, 2.5966208505469703] SE=raise:'Error'
RAISE-MISMATCH houses|i|123.456|89.0|11.47: LE=ok:[181.34079378299438, 182.54262935514237, 185.03082044977737, 301.2265646778774, 357.9047877985811, 0.16724787493010593, 1.3407937829944103, 2.5426293551423567, 5.030820449777347, 121.22656467787738, 177.90478779858105, 180.1672478749301, 181.34079378299438, 121.22656467787738, 123.456, 36.00983160239566, 215.76189251200074, 358.5660393840334, 215.51689748060898, 178.5660393840334] SE=raise:'Error'
RAISE-MISMATCH houses|i|123.456|89.0|-23.44: LE=ok:[181.34079378299438, 182.54262935514237, 185.03082044977737, 301.2265646778774, 357.9047877985811, 0.16724787493010593, 1.3407937829944103, 2.5426293551423567, 5.030820449777347, 121.22656467787738, 177.90478779858105, 180.1672478749301, 181.34079378299438, 121.22656467787738, 123.456, 36.00983160239566, 215.76189251200074, 358.5660393840334, 215.51689748060898, 178.5660393840334] SE=raise:'Error'
RAISE-MISMATCH houses|i|123.456|-89.0|11.47: LE=ok:[178.5660393840334, 357.3496329147875, 355.01753667725234, 301.2265646778774, 182.4201330701509, 179.81647485684005, 358.5660393840334, 177.34963291478743, 175.01753667725234, 121.22656467787738, 2.4201330701508823, 359.81647485684005, 178.5660393840334, 121.22656467787738, 123.456, 35.516897480608996, 215.76189251200074, 181.34079378299435, 216.00983160239565, 1.3407937829943652] SE=raise:'Error'
RAISE-MISMATCH houses|i|123.456|-89.0|-23.44: LE=ok:[178.5660393840334, 357.3496329147875, 355.01753667725234, 301.2265646778774, 182.4201330701509, 179.81647485684005, 358.5660393840334, 177.34963291478743, 175.01753667725234, 121.22656467787738, 2.4201330701508823, 359.81647485684005, 178.5660393840334, 121.22656467787738, 123.456, 35.516897480608996, 215.76189251200074, 181.34079378299435, 216.00983160239565, 1.3407937829943652] SE=raise:'Error'
RAISE-MISMATCH houses|i|123.456|89.99|11.47: LE=ok:[180.01385477605268, 180.02596354777066, 180.05019039303463, 301.2265646778774, 359.9775470624832, 0.001749104621439352, 0.013854776052653506, 0.02596354777065747, 0.050190393034636634, 121.22656467787738, 179.97754706248318, 180.00174910462144, 180.01385477605268, 121.22656467787738, 123.456, 35.764357006838374, 215.76189251200074, 359.9861359142053, 215.75942831150417, 179.98613591420528] SE=raise:'Error'
RAISE-MISMATCH houses|i|123.456|89.99|-23.44: LE=ok:[180.01385477605268, 180.02596354777066, 180.05019039303463, 301.2265646778774, 359.9775470624832, 0.001749104621439352, 0.013854776052653506, 0.02596354777065747, 0.050190393034636634, 121.22656467787738, 179.97754706248318, 180.00174910462144, 180.01385477605268, 121.22656467787738, 123.456, 35.764357006838374, 215.76189251200074, 359.9861359142053, 215.75942831150417, 179.98613591420528] SE=raise:'Error'
RAISE-MISMATCH houses|i|123.456|-89.99|11.47: LE=ok:[179.9861359142053, 359.97402566314963, 359.94981447868315, 301.2265646778774, 180.0224853047732, 179.99824927147097, 359.9861359142053, 179.97402566314963, 179.94981447868315, 121.22656467787738, 0.022485304773226744, 359.9982492714711, 179.9861359142053, 121.22656467787738, 123.456, 35.759428311504195, 215.76189251200074, 180.01385477605268, 215.76435700683837, 0.01385477605267677] SE=raise:'Error'
RAISE-MISMATCH houses|i|123.456|-89.99|-23.44: LE=ok:[179.9861359142053, 359.97402566314963, 359.94981447868315, 301.2265646778774, 180.0224853047732, 179.99824927147097, 359.9861359142053, 179.97402566314963, 179.94981447868315, 121.22656467787738, 0.022485304773226744, 359.9982492714711, 179.9861359142053, 121.22656467787738, 123.456, 35.759428311504195, 215.76189251200074, 180.01385477605268, 215.76435700683837, 0.01385477605267677] SE=raise:'Error'
RAISE-MISMATCH houses|i|135.0|67.0|-23.44: LE=ok:[204.0312152084356, 222.63857905299997, 256.54532355094625, 312.5358235453972, 349.1843916477672, 8.667775449160036, 24.031215208435583, 42.63857905299995, 76.54532355094626, 132.5358235453972, 169.1843916477672, 188.66777544916005, 204.0312152084356, 132.5358235453972, 135.0, 55.8353709950963, 227.46417645460278, 292.184823554058, 220.85496167070545, 112.18482355405804] SE=raise:'Error'
RAISE-MISMATCH houses|i|135.0|-67.0|-23.44: LE=ok:[292.184823554058, 300.7249681805532, 306.1637951175344, 312.5358235453972, 328.2144464645976, 73.90832744013073, 112.18482355405803, 120.72496818055322, 126.16379511753439, 132.5358235453972, 148.21444646459764, 253.90832744013073, 292.184823554058, 132.5358235453972, 135.0, 40.854961670705464, 227.46417645460278, 204.0312152084356, 235.83537099509627, 24.03121520843562] SE=raise:'Error'
RAISE-MISMATCH houses|i|135.0|70.0|-23.44: LE=ok:[202.0971613622591, 219.2098389637602, 252.26158199791456, 312.5358235453972, 349.75961817779853, 8.038380075088916, 22.0971613622591, 39.20983896376018, 72.26158199791463, 132.5358235453972, 169.75961817779853, 188.03838007508892, 202.0971613622591, 132.5358235453972, 135.0, 54.52125225881922, 227.46417645460278, 302.13247638190245, 221.7036728307234, 122.13247638190244] SE=raise:'Error'
RAISE-MISMATCH houses|i|135.0|-70.0|-23.44: LE=ok:[302.13247638190245, 306.2791974009049, 309.06129313533256, 312.5358235453972, 322.7023721491016, 103.10344322019091, 122.13247638190245, 126.27919740090488, 129.06129313533256, 132.5358235453972, 142.70237214910168, 283.1034432201909, 302.13247638190245, 132.5358235453972, 135.0, 41.70367283072339, 227.46417645460278, 202.0971613622591, 234.5212522588192, 22.09716136225909] SE=raise:'Error'
RAISE-MISMATCH houses|i|135.0|80.0|11.47: LE=ok:[193.68186351074732, 203.78950406340408, 227.32690207777023, 312.5358235453972, 352.6776797984442, 5.207376305420555, 13.681863510747348, 23.78950406340406, 47.326902077770185, 132.5358235453972, 172.67767979844422, 185.20737630542055, 193.68186351074732, 132.5358235453972, 135.0, 50.70685449406955, 227.46417645460278, 336.2516580364787, 224.52630314120822, 156.25165803647872] SE=raise:'Error'
RAISE-MISMATCH houses|i|135.0|80.0|-23.44: LE=ok:[193.68186351074732, 203.78950406340408, 227.32690207777023, 312.5358235453972, 352.6776797984442, 5.207376305420555, 13.681863510747348, 23.78950406340406, 47.326902077770185, 132.5358235453972, 172.67767979844422, 185.20737630542055, 193.68186351074732, 132.5358235453972, 135.0, 50.70685449406955, 227.46417645460278, 336.2516580364787, 224.52630314120822, 156.25165803647872] SE=raise:'Error'
RAISE-MISMATCH houses|i|135.0|-80.0|11.47: LE=ok:[156.25165803647872, 330.62811008493486, 324.7235377627126, 312.5358235453972, 226.9549323157453, 166.37084249345003, 336.2516580364787, 150.62811008493486, 144.72353776271257, 132.5358235453972, 46.95493231574528, 346.37084249345, 156.25165803647872, 132.5358235453972, 135.0, 44.52630314120823, 227.46417645460278, 193.68186351074732, 230.70685449406952, 13.681863510747313] SE=raise:'Error'
RAISE-MISMATCH houses|i|135.0|-80.0|-23.44: LE=ok:[156.25165803647872, 330.62811008493486, 324.7235377627126, 312.5358235453972, 226.9549323157453, 166.37084249345003, 336.2516580364787, 150.62811008493486, 144.72353776271257, 132.5358235453972, 46.95493231574528, 346.37084249345, 156.25165803647872, 132.5358235453972, 135.0, 44.52630314120823, 227.46417645460278, 193.68186351074732, 230.70685449406952, 13.681863510747313] SE=raise:'Error'
RAISE-MISMATCH houses|i|135.0|85.0|11.47: LE=ok:[187.75051706370573, 193.02688783652133, 205.38244122065302, 312.5358235453972, 355.31695588992926, 3.071298952742239, 7.750517063705729, 13.026887836521322, 25.382441220652968, 132.5358235453972, 175.31695588992923, 183.07129895274224, 187.75051706370573, 132.5358235453972, 135.0, 49.033327619479316, 227.46417645460278, 349.7178402431971, 225.97009102975173, 169.71784024319712] SE=raise:'Error'
RAISE-MISMATCH houses|i|135.0|85.0|-23.44: LE=ok:[187.75051706370573, 193.02688783652133, 205.38244122065302, 312.5358235453972, 355.31695588992926, 3.071298952742239, 7.750517063705729, 13.026887836521322, 25.382441220652968, 132.5358235453972, 175.31695588992923, 183.07129895274224, 187.75051706370573, 132.5358235453972, 135.0, 49.033327619479316, 227.46417645460278, 349.7178402431971, 225.97009102975173, 169.71784024319712] SE=raise:'Error'
RAISE-MISMATCH houses|i|135.0|-85.0|11.47: LE=ok:[169.7178402431971, 345.36893509721153, 338.9576074719313, 312.5358235453972, 190.5693759520656, 175.1515734988452, 349.7178402431971, 165.36893509721153, 158.95760747193128, 132.5358235453972, 10.56937595206557, 355.1515734988452, 169.7178402431971, 132.5358235453972, 135.0, 45.97009102975172, 227.46417645460278, 187.75051706370573, 229.0333276194793, 7.750517063705726] SE=raise:'Error'
RAISE-MISMATCH houses|i|135.0|-85.0|-23.44: LE=ok:[169.7178402431971, 345.36893509721153, 338.9576074719313, 312.5358235453972, 190.5693759520656, 175.1515734988452, 349.7178402431971, 165.36893509721153, 158.95760747193128, 132.5358235453972, 10.56937595206557, 355.1515734988452, 169.7178402431971, 132.5358235453972, 135.0, 45.97009102975172, 227.46417645460278, 187.75051706370573, 229.0333276194793, 7.750517063705726] SE=raise:'Error'
RAISE-MISMATCH houses|i|135.0|88.0|11.47: LE=ok:[183.3612187736742, 185.46174108558904, 190.03603600874376, 312.5358235453972, 357.74803930937503, 1.3790716054557695, 3.3612187736741816, 5.461741085589042, 10.036036008743732, 132.5358235453972, 177.748039309375, 181.37907160545578, 183.3612187736742, 132.5358235453972, 135.0, 48.08131004246334, 227.46417645460278, 356.2338920219602, 226.85900331086384, 176.2338920219602] SE=raise:'Error'
RAISE-MISMATCH houses|i|135.0|88.0|-23.44: LE=ok:[183.3612187736742, 185.46174108558904, 190.03603600874376, 312.5358235453972, 357.74803930937503, 1.3790716054557695, 3.3612187736741816, 5.461741085589042, 10.036036008743732, 132.5358235453972, 177.748039309375, 181.37907160545578, 183.3612187736742, 132.5358235453972, 135.0, 48.08131004246334, 227.46417645460278, 356.2338920219602, 226.85900331086384, 176.2338920219602] SE=raise:'Error'
RAISE-MISMATCH houses|i|135.0|-88.0|11.47: LE=ok:[176.23389202196017, 354.2705770100979, 350.75287822212664, 312.5358235453972, 183.08054031885243, 178.34882647257223, 356.2338920219602, 174.2705770100979, 170.75287822212658, 132.5358235453972, 3.0805403188523997, 358.3488264725722, 176.23389202196017, 132.5358235453972, 135.0, 46.859003310863855, 227.46417645460278, 183.3612187736742, 228.08131004246334, 3.361218773674206] SE=raise:'Error'
RAISE-MISMATCH houses|i|135.0|-88.0|-23.44: LE=ok:[176.23389202196017, 354.2705770100979, 350.75287822212664, 312.5358235453972, 183.08054031885243, 178.34882647257223, 356.2338920219602, 174.2705770100979, 170.75287822212658, 132.5358235453972, 3.0805403188523997, 358.3488264725722, 176.23389202196017, 132.5358235453972, 135.0, 46.859003310863855, 227.46417645460278, 183.3612187736742, 228.08131004246334, 3.361218773674206] SE=raise:'Error'
RAISE-MISMATCH houses|i|135.0|89.0|11.47: LE=ok:[181.7280908207871, 182.76875700246546, 184.94815109989003, 312.5358235453972, 358.79263895645323, 0.7190686471389508, 1.728090820787088, 2.7687570024654558, 4.948151099890002, 132.5358235453972, 178.79263895645323, 180.71906864713895, 181.7280908207871, 132.5358235453972, 135.0, 47.7711409480117, 227.46417645460278, 358.1707007071044, 227.1602002908438, 178.1707007071044] SE=raise:'Error'
RAISE-MISMATCH houses|i|135.0|89.0|-23.44: LE=ok:[181.7280908207871, 182.76875700246546, 184.94815109989003, 312.5358235453972, 358.79263895645323, 0.7190686471389508, 1.728090820787088, 2.7687570024654558, 4.948151099890002, 132.5358235453972, 178.79263895645323, 180.71906864713895, 181.7280908207871, 132.5358235453972, 135.0, 47.7711409480117, 227.46417645460278, 358.1707007071044, 227.1602002908438, 178.1707007071044] SE=raise:'Error'
RAISE-MISMATCH houses|i|135.0|-89.0|11.47: LE=ok:[178.1707007071044, 357.1639119063633, 355.25293829026145, 312.5358235453972, 181.41093462688778, 179.21332402215432, 358.1707007071044, 177.1639119063634, 175.25293829026145, 132.5358235453972, 1.4109346268877516, 359.2133240221543, 178.1707007071044, 132.5358235453972, 135.0, 47.16020029084379, 227.46417645460278, 181.72809082078712, 227.7711409480117, 1.7280908207871128] SE=raise:'Error'
RAISE-MISMATCH houses|i|135.0|-89.0|-23.44: LE=ok:[178.1707007071044, 357.1639119063633, 355.25293829026145, 312.5358235453972, 181.41093462688778, 179.21332402215432, 358.1707007071044, 177.1639119063634, 175.25293829026145, 132.5358235453972, 1.4109346268877516, 359.2133240221543, 178.1707007071044, 132.5358235453972, 135.0, 47.16020029084379, 227.46417645460278, 181.72809082078712, 227.7711409480117, 1.7280908207871128] SE=raise:'Error'
RAISE-MISMATCH houses|i|135.0|89.99|11.47: LE=ok:[180.0177713961364, 180.02803632139575, 180.04857629023778, 312.5358235453972, 359.9869968441471, 0.007509842103258664, 0.017771396136367912, 0.028036321395753565, 0.048576290237769056, 132.5358235453972, 179.9869968441471, 180.00750984210325, 180.0177713961364, 132.5358235453972, 135.0, 47.467230952993916, 227.46417645460278, 359.9822184835196, 227.4611222549853, 179.9822184835196] SE=raise:'Error'
RAISE-MISMATCH houses|i|135.0|89.99|-23.44: LE=ok:[180.0177713961364, 180.02803632139575, 180.04857629023778, 312.5358235453972, 359.9869968441471, 0.007509842103258664, 0.017771396136367912, 0.028036321395753565, 0.048576290237769056, 132.5358235453972, 179.9869968441471, 180.00750984210325, 180.0177713961364, 132.5358235453972, 135.0, 47.467230952993916, 227.46417645460278, 359.9822184835196, 227.4611222549853, 179.9822184835196] SE=raise:'Error'
RAISE-MISMATCH houses|i|135.0|-89.99|11.47: LE=ok:[179.98221848351955, 359.97195693170966, 359.9514439504369, 312.5358235453972, 180.01302339655243, 179.9924834109995, 359.98221848351955, 179.97195693170966, 179.9514439504369, 132.5358235453972, 0.01302339655239848, 359.9924834109994, 179.98221848351955, 132.5358235453972, 135.0, 47.46112225498532, 227.46417645460278, 180.0177713961364, 227.4672309529939, 0.01777139613639187] SE=raise:'Error'
RAISE-MISMATCH houses|i|135.0|-89.99|-23.44: LE=ok:[179.98221848351955, 359.97195693170966, 359.9514439504369, 312.5358235453972, 180.01302339655243, 179.9924834109995, 359.98221848351955, 179.97195693170966, 179.9514439504369, 132.5358235453972, 0.01302339655239848, 359.9924834109994, 179.98221848351955, 132.5358235453972, 135.0, 47.46112225498532, 227.46417645460278, 180.0177713961364, 227.4672309529939, 0.01777139613639187] SE=raise:'Error'
RAISE-MISMATCH houses|i|180.0|67.0|-23.44: LE=ok:[226.85968063128317, 247.8342276148323, 303.1052064846507, 0.0, 21.59597785490306, 34.28422061944663, 46.85968063128314, 67.83422761483232, 123.10520648465071, 180.0, 201.59597785490308, 214.28422061944664, 226.85968063128317, 180.0, 180.0, 99.58379238649903, 270.0, 313.14031936871686, 260.41620761350094, 133.14031936871683] SE=raise:'Error'
RAISE-MISMATCH houses|i|180.0|-67.0|-23.44: LE=ok:[313.1403193687168, 325.7157793805534, 338.404022145097, 0.0, 56.894793515349306, 112.16577238516766, 133.1403193687168, 145.71577938055339, 158.40402214509686, 180.0, 236.8947935153493, 292.1657723851677, 313.1403193687168, 180.0, 180.0, 80.41620761350097, 270.0, 226.85968063128317, 279.583792386499, 46.85968063128317] SE=raise:'Error'
RAISE-MISMATCH houses|i|180.0|70.0|-23.44: LE=ok:[222.45883778311222, 240.61286562113557, 296.3925288401284, 0.0, 20.448211015838847, 31.64543562940555, 42.458837783112244, 60.612865621135576, 116.39252884012849, 180.0, 200.44821101583887, 211.64543562940557, 222.45883778311222, 180.0, 180.0, 98.23798771770788, 270.0, 317.54116221688776, 261.7620122822921, 137.54116221688778] SE=raise:'Error'
RAISE-MISMATCH houses|i|180.0|-70.0|-23.44: LE=ok:[317.54116221688776, 328.3545643705944, 339.55178898416113, 0.0, 63.60747115987152, 119.3871343788644, 137.54116221688776, 148.35456437059446, 159.55178898416113, 180.0, 243.60747115987152, 299.38713437886446, 317.54116221688776, 180.0, 180.0, 81.7620122822921, 270.0, 222.45883778311224, 278.2379877177079, 42.45883778311223] SE=raise:'Error'
RAISE-MISMATCH houses|i|180.0|80.0|11.47: LE=ok:[203.90679103951942, 210.08405059888602, 236.30540526548435, 0.0, 14.578287676047893, 19.7474868686859, 23.90679103951942, 30.084050598886037, 56.30540526548432, 180.0, 194.5782876760479, 199.7474868686859, 203.90679103951942, 180.0, 180.0, 94.01208929856023, 270.0, 336.0932089604806, 265.9879107014398, 156.09320896048058] SE=raise:'Error'
RAISE-MISMATCH houses|i|180.0|80.0|-23.44: LE=ok:[203.90679103951942, 210.08405059888602, 236.30540526548435, 0.0, 14.578287676047893, 19.7474868686859, 23.90679103951942, 30.084050598886037, 56.30540526548432, 180.0, 194.5782876760479, 199.7474868686859, 203.90679103951942, 180.0, 180.0, 94.01208929856023, 270.0, 336.0932089604806, 265.9879107014398, 156.09320896048058] SE=raise:'Error'
RAISE-MISMATCH houses|i|180.0|-80.0|11.47: LE=ok:[336.0932089604806, 340.2525131313141, 345.4217123239521, 0.0, 123.69459473451565, 149.9159494011139, 156.09320896048052, 160.25251313131412, 165.42171232395208, 180.0, 303.6945947345157, 329.91594940111395, 336.0932089604806, 180.0, 180.0, 85.98791070143977, 270.0, 203.90679103951945, 274.0120892985602, 23.906791039519437] SE=raise:'Error'
RAISE-MISMATCH houses|i|180.0|-80.0|-23.44: LE=ok:[336.0932089604806, 340.2525131313141, 345.4217123239521, 0.0, 123.69459473451565, 149.9159494011139, 156.09320896048052, 160.25251313131412, 165.42171232395208, 180.0, 303.6945947345157, 329.91594940111395, 336.0932089604806, 180.0, 180.0, 85.98791070143977, 270.0, 203.90679103951945, 274.0120892985602, 23.906791039519437] SE=raise:'Error'
RAISE-MISMATCH houses|i|180.0|85.0|11.47: LE=ok:[192.4043532141153, 193.97949301983232, 198.68166884225215, 0.0, 9.256653336556509, 11.144175790477636, 12.404353214115304, 13.979493019832313, 18.681668842252144, 180.0, 189.25665333655652, 191.14417579047762, 192.4043532141153, 180.0, 180.0, 91.99314557030044, 270.0, 347.5956467858847, 268.00685442969956, 167.5956467858847] SE=raise:'Error'
RAISE-MISMATCH houses|i|180.0|85.0|-23.44: LE=ok:[192.4043532141153, 193.97949301983232, 198.68166884225215, 0.0, 9.256653336556509, 11.144175790477636, 12.404353214115304, 13.979493019832313, 18.681668842252144, 180.0, 189.25665333655652, 191.14417579047762, 192.4043532141153, 180.0, 180.0, 91.99314557030044, 270.0, 347.5956467858847, 268.00685442969956, 167.5956467858847] SE=raise:'Error'
RAISE-MISMATCH houses|i|180.0|-85.0|11.47: LE=ok:[347.5956467858847, 348.8558242095223, 350.7433466634435, 0.0, 161.31833115774782, 166.02050698016774, 167.5956467858847, 168.85582420952232, 170.7433466634435, 180.0, 341.3183311577478, 346.02050698016774, 347.5956467858847, 180.0, 180.0, 88.00685442969956, 270.0, 192.4043532141153, 271.99314557030044, 12.404353214115304] SE=raise:'Error'
RAISE-MISMATCH houses|i|180.0|-85.0|-23.44: LE=ok:[347.5956467858847, 348.8558242095223, 350.7433466634435, 0.0, 161.31833115774782, 166.02050698016774, 167.5956467858847, 168.85582420952232, 170.7433466634435, 180.0, 341.3183311577478, 346.02050698016774, 347.5956467858847, 180.0, 180.0, 88.00685442969956, 270.0, 192.4043532141153, 271.99314557030044, 12.404353214115304] SE=raise:'Error'
RAISE-MISMATCH houses|i|180.0|88.0|11.47: LE=ok:[185.01712127265142, 185.26047013316375, 185.8253255748507, 0.0, 4.405465511812289, 4.795241249899221, 5.017121272651423, 5.260470133163749, 5.825325574850677, 180.0, 184.40546551181228, 184.79524124989922, 185.01712127265142, 180.0, 180.0, 90.79582640610919, 270.0, 354.9828787273486, 269.2041735938908, 174.98287872734858] SE=raise:'Error'
RAISE-MISMATCH houses|i|180.0|88.0|-23.44: LE=ok:[185.01712127265142, 185.26047013316375, 185.8253255748507, 0.0, 4.405465511812289, 4.795241249899221, 5.017121272651423, 5.260470133163749, 5.825325574850677, 180.0, 184.40546551181228, 184.79524124989922, 185.01712127265142, 180.0, 180.0, 90.79582640610919, 270.0, 354.9828787273486, 269.2041735938908, 174.98287872734858] SE=raise:'Error'
RAISE-MISMATCH houses|i|180.0|-88.0|11.47: LE=ok:[354.9828787273486, 355.2047587501008, 355.5945344881877, 0.0, 174.1746744251493, 174.73952986683628, 174.98287872734863, 175.20475875010084, 175.59453448818772, 180.0, 354.1746744251493, 354.7395298668363, 354.9828787273486, 180.0, 180.0, 89.20417359389081, 270.0, 185.01712127265142, 270.7958264061092, 5.0171212726514325] SE=raise:'Error'
RAISE-MISMATCH houses|i|180.0|-88.0|-23.44: LE=ok:[354.9828787273486, 355.2047587501008, 355.5945344881877, 0.0, 174.1746744251493, 174.73952986683628, 174.98287872734863, 175.20475875010084, 175.59453448818772, 180.0, 354.1746744251493, 354.7395298668363, 354.9828787273486, 180.0, 180.0, 89.20417359389081, 270.0, 185.01712127265142, 270.7958264061092, 5.0171212726514325] SE=raise:'Error'
RAISE-MISMATCH houses|i|180.0|89.0|11.47: LE=ok:[182.51261378388315, 182.57232851161183, 182.70069135572888, 0.0, 2.3490126244532945, 2.455606963840728, 2.5126137838831255, 2.572328511611833, 2.7006913557288765, 180.0, 182.3490126244533, 182.45560696384072, 182.51261378388315, 180.0, 180.0, 90.39781115809683, 270.0, 357.4873862161169, 269.60218884190317, 177.48738621611685] SE=raise:'Error'
RAISE-MISMATCH houses|i|180.0|89.0|-23.44: LE=ok:[182.51261378388315, 182.57232851161183, 182.70069135572888, 0.0, 2.3490126244532945, 2.455606963840728, 2.5126137838831255, 2.572328511611833, 2.7006913557288765, 180.0, 182.3490126244533, 182.45560696384072, 182.51261378388315, 180.0, 180.0, 90.39781115809683, 270.0, 357.4873862161169, 269.60218884190317, 177.48738621611685] SE=raise:'Error'
RAISE-MISMATCH houses|i|180.0|-89.0|11.47: LE=ok:[357.4873862161169, 357.54439303615925, 357.6509873755467, 0.0, 177.29930864427115, 177.4276714883881, 177.48738621611687, 177.54439303615925, 177.65098737554672, 180.0, 357.29930864427115, 357.42767148838817, 357.4873862161169, 180.0, 180.0, 89.60218884190316, 270.0, 182.51261378388315, 270.39781115809683, 2.512613783883154] SE=raise:'Error'
RAISE-MISMATCH houses|i|180.0|-89.0|-23.44: LE=ok:[357.4873862161169, 357.54439303615925, 357.6509873755467, 0.0, 177.29930864427115, 177.4276714883881, 177.48738621611687, 177.54439303615925, 177.65098737554672, 180.0, 357.29930864427115, 357.42767148838817, 357.4873862161169, 180.0, 180.0, 89.60218884190316, 270.0, 182.51261378388315, 270.39781115809683, 2.512613783883154] SE=raise:'Error'
RAISE-MISMATCH houses|i|180.0|89.99|11.47: LE=ok:[180.0251397027586, 180.02514554701386, 180.02515724392958, 0.0, 0.025122186018696268, 0.025133861048682597, 0.025139702758565363, 0.02514554701385095, 0.02515724392957101, 180.0, 180.0251221860187, 180.0251338610487, 180.0251397027586, 180.0, 180.0, 90.00397777159154, 270.0, 359.97486029724143, 269.99602222840844, 179.9748602972414] SE=raise:'Error'
RAISE-MISMATCH houses|i|180.0|89.99|-23.44: LE=ok:[180.0251397027586, 180.02514554701386, 180.02515724392958, 0.0, 0.025122186018696268, 0.025133861048682597, 0.025139702758565363, 0.02514554701385095, 0.02515724392957101, 180.0, 180.0251221860187, 180.0251338610487, 180.0251397027586, 180.0, 180.0, 90.00397777159154, 270.0, 359.97486029724143, 269.99602222840844, 179.9748602972414] SE=raise:'Error'
RAISE-MISMATCH houses|i|180.0|-89.99|11.47: LE=ok:[359.97486029724143, 359.9748661389513, 359.97487781398127, 0.0, 179.97484275607042, 179.97485445298616, 179.97486029724143, 179.97486613895126, 179.97487781398127, 180.0, 359.9748427560704, 359.97485445298616, 359.97486029724143, 180.0, 180.0, 89.99602222840845, 270.0, 180.0251397027586, 270.0039777715915, 0.025139702758583068] SE=raise:'Error'
RAISE-MISMATCH houses|i|180.0|-89.99|-23.44: LE=ok:[359.97486029724143, 359.9748661389513, 359.97487781398127, 0.0, 179.97484275607042, 179.97485445298616, 179.97486029724143, 179.97486613895126, 179.97487781398127, 180.0, 359.9748427560704, 359.97485445298616, 359.97486029724143, 180.0, 180.0, 89.99602222840845, 270.0, 180.0251397027586, 270.0039777715915, 0.025139702758583068] SE=raise:'Error'
RAISE-MISMATCH houses|i|222.2|67.0|-23.44: LE=ok:[246.58450499759292, 281.4660046334497, 26.26670994824587, 44.66275986338809, 51.8085435263555, 57.70952071385854, 66.58450499759294, 101.4660046334497, 206.2667099482459, 224.6627598633881, 231.8085435263555, 237.70952071385852, 246.58450499759292, 224.6627598633881, 222.2, 136.66415256928147, 309.75781298847176, 334.5038226706462, 301.13193256673463, 154.50382267064617] SE=raise:'Error'
RAISE-MISMATCH houses|i|222.2|-67.0|-23.44: LE=ok:[334.5038226706462, 349.7178564779234, 8.798486577824406, 44.66275986338809, 101.1742567564292, 135.80979873138642, 154.50382267064617, 169.71785647792342, 188.79848657782443, 224.6627598633881, 281.1742567564292, 315.8097987313864, 334.5038226706462, 224.6627598633881, 222.2, 121.13193256673468, 309.75781298847176, 246.58450499759292, 316.66415256928144, 66.58450499759292] SE=raise:'Error'
RAISE-MISMATCH houses|i|222.2|70.0|-23.44: LE=ok:[237.24504187532386, 256.586421811395, 31.09981517022534, 44.66275986338809, 49.026115345244186, 52.40490114651028, 57.245041875323864, 76.58642181139496, 211.09981517022536, 224.6627598633881, 229.0261153452442, 232.40490114651027, 237.24504187532386, 224.6627598633881, 222.2, 135.77309223320978, 309.75781298847176, 336.56673674853437, 302.4762257694525, 156.5667367485344] SE=raise:'Error'
RAISE-MISMATCH houses|i|222.2|-70.0|-23.44: LE=ok:[336.56673674853437, 350.4654824986685, 8.330481370228654, 44.66275986338809, 105.60740290780984, 139.3995311053231, 156.56673674853437, 170.4654824986685, 188.33048137022863, 224.6627598633881, 285.60740290780996, 319.39953110532304, 336.56673674853437, 224.6627598633881, 222.2, 122.47622576945255, 309.75781298847176, 237.24504187532386, 315.77309223320975, 57.24504187532388] SE=raise:'Error'
RAISE-MISMATCH houses|i|222.2|80.0|11.47: LE=ok:[24.314225845649275, 195.802692432172, 137.5705749268077, 44.66275986338809, 34.0596804880666, 29.048565079293695, 204.31422584564928, 15.802692432171979, 317.5705749268077, 224.6627598633881, 214.0596804880666, 209.0485650792938, 24.314225845649275, 224.6627598633881, 222.2, 132.81822624898047, 309.75781298847176, 345.5373327378596, 306.39922304454245, 165.53733273785957] SE=raise:'Error'
RAISE-MISMATCH houses|i|222.2|80.0|-23.44: LE=ok:[24.314225845649275, 195.802692432172, 137.5705749268077, 44.66275986338809, 34.0596804880666, 29.048565079293695, 204.31422584564928, 15.802692432171979, 317.5705749268077, 224.6627598633881, 214.0596804880666, 209.0485650792938, 24.314225845649275, 224.6627598633881, 222.2, 132.81822624898047, 309.75781298847176, 345.5373327378596, 306.39922304454245, 165.53733273785957] SE=raise:'Error'
RAISE-MISMATCH houses|i|222.2|-80.0|11.47: LE=ok:[345.5373327378596, 353.82885532964144, 5.958536836867097, 44.66275986338809, 131.67203934437725, 155.52835166267255, 165.53733273785951, 173.82885532964133, 185.95853683686707, 224.6627598633881, 311.67203934437725, 335.5283516626727, 345.5373327378596, 224.6627598633881, 222.2, 126.39922304454248, 309.75781298847176, 204.31422584564928, 312.81822624898047, 24.314225845649275] SE=raise:'Error'
RAISE-MISMATCH houses|i|222.2|-80.0|-23.44: LE=ok:[345.5373327378596, 353.82885532964144, 5.958536836867097, 44.66275986338809, 131.67203934437725, 155.52835166267255, 165.53733273785951, 173.82885532964133, 185.95853683686707, 224.6627598633881, 311.67203934437725, 335.5283516626727, 345.5373327378596, 224.6627598633881, 222.2, 126.39922304454248, 309.75781298847176, 204.31422584564928, 312.81822624898047, 24.314225845649275] SE=raise:'Error'
RAISE-MISMATCH houses|i|222.2|85.0|11.47: LE=ok:[10.674134686960315, 185.69769109199885, 171.27219291881443, 44.66275986338809, 20.44705854561503, 14.632703593968092, 190.67413468696031, 5.697691091998858, 351.2721929188144, 224.6627598633881, 200.44705854561502, 194.63270359396807, 10.674134686960315, 224.6627598633881, 222.2, 131.31221343226565, 309.75781298847176, 351.83459086006997, 308.1299512144751, 171.83459086006997] SE=raise:'Error'
RAISE-MISMATCH houses|i|222.2|85.0|-23.44: LE=ok:[10.674134686960315, 185.69769109199885, 171.27219291881443, 44.66275986338809, 20.44705854561503, 14.632703593968092, 190.67413468696031, 5.697691091998858, 351.2721929188144, 224.6627598633881, 200.44705854561502, 194.63270359396807, 10.674134686960315, 224.6627598633881, 222.2, 131.31221343226565, 309.75781298847176, 351.83459086006997, 308.1299512144751, 171.83459086006997] SE=raise:'Error'
RAISE-MISMATCH houses|i|222.2|-85.0|11.47: LE=ok:[351.83459086006997, 356.3642955760572, 3.8138391714223303, 44.66275986338809, 154.46265426440914, 166.6894733046181, 171.83459086006997, 176.3642955760572, 183.81383917142233, 224.6627598633881, 334.46265426440914, 346.68947330461805, 351.83459086006997, 224.6627598633881, 222.2, 128.12995121447514, 309.75781298847176, 190.6741346869603, 311.3122134322656, 10.674134686960274] SE=raise:'Error'
RAISE-MISMATCH houses|i|222.2|-85.0|-23.44: LE=ok:[351.83459086006997, 356.3642955760572, 3.8138391714223303, 44.66275986338809, 154.46265426440914, 166.6894733046181, 171.83459086006997, 176.3642955760572, 183.81383917142233, 224.6627598633881, 334.46265426440914, 346.68947330461805, 351.83459086006997, 224.6627598633881, 222.2, 128.12995121447514, 309.75781298847176, 190.6741346869603, 311.3122134322656, 10.674134686960274] SE=raise:'Error'
RAISE-MISMATCH houses|i|222.2|88.0|11.47: LE=ok:[3.9331814715457085, 181.94727105757372, 177.4784220318577, 44.66275986338809, 9.052751951444039, 5.771171268199883, 183.9331814715457, 1.947271057573707, 357.4784220318577, 224.6627598633881, 189.05275195144404, 185.77117126819988, 3.9331814715457085, 224.6627598633881, 222.2, 130.38690660377992, 309.75781298847176, 356.46949671609013, 309.11701334129987, 176.46949671609013] SE=raise:'Error'
RAISE-MISMATCH houses|i|222.2|88.0|-23.44: LE=ok:[3.9331814715457085, 181.94727105757372, 177.4784220318577, 44.66275986338809, 9.052751951444039, 5.771171268199883, 183.9331814715457, 1.947271057573707, 357.4784220318577, 224.6627598633881, 189.05275195144404, 185.77117126819988, 3.9331814715457085, 224.6627598633881, 222.2, 130.38690660377992, 309.75781298847176, 356.46949671609013, 309.11701334129987, 176.46949671609013] SE=raise:'Error'
RAISE-MISMATCH houses|i|222.2|-88.0|11.47: LE=ok:[356.46949671609013, 358.36936189826747, 1.8360943273540329, 44.66275986338809, 170.0274330719351, 174.44989781350512, 176.46949671609013, 178.36936189826747, 181.83609432735403, 224.6627598633881, 350.0274330719351, 354.4498978135051, 356.46949671609013, 224.6627598633881, 222.2, 129.1170133412999, 309.75781298847176, 183.9331814715457, 310.3869066037799, 3.933181471545714] SE=raise:'Error'
RAISE-MISMATCH houses|i|222.2|-88.0|-23.44: LE=ok:[356.46949671609013, 358.36936189826747, 1.8360943273540329, 44.66275986338809, 170.0274330719351, 174.44989781350512, 176.46949671609013, 178.36936189826747, 181.83609432735403, 224.6627598633881, 350.0274330719351, 354.4498978135051, 356.46949671609013, 224.6627598633881, 222.2, 129.1170133412999, 309.75781298847176, 183.9331814715457, 310.3869066037799, 3.933181471545714] SE=raise:'Error'
RAISE-MISMATCH houses|i|222.2|89.0|11.47: LE=ok:[1.9136086334075912, 180.92850907284966, 178.8467427963595, 44.66275986338809, 4.662399502286601, 2.863379897810885, 181.9136086334076, 0.9285090728496634, 358.8467427963595, 224.6627598633881, 184.6623995022866, 182.8633798978109, 1.9136086334075912, 224.6627598633881, 222.2, 130.07371668753936, 309.75781298847176, 358.18709938845086, 309.43898448146683, 178.18709938845083] SE=raise:'Error'
RAISE-MISMATCH houses|i|222.2|89.0|-23.44: LE=ok:[1.9136086334075912, 180.92850907284966, 178.8467427963595, 44.66275986338809, 4.662399502286601, 2.863379897810885, 181.9136086334076, 0.9285090728496634, 358.8467427963595, 224.6627598633881, 184.6623995022866, 182.8633798978109, 1.9136086334075912, 224.6627598633881, 222.2, 130.07371668753936, 309.75781298847176, 358.18709938845086, 309.43898448146683, 178.18709938845083] SE=raise:'Error'
RAISE-MISMATCH houses|i|222.2|-89.0|11.47: LE=ok:[358.1870993884508, 359.1501926082429, 0.9850090902558577, 44.66275986338809, 175.10339600494422, 177.19224379443244, 178.18709938845086, 179.15019260824283, 180.98500909025583, 224.6627598633881, 355.1033960049442, 357.1922437944325, 358.1870993884508, 224.6627598633881, 222.2, 129.43898448146683, 309.75781298847176, 181.9136086334076, 310.07371668753933, 1.9136086334076041] SE=raise:'Error'
RAISE-MISMATCH houses|i|222.2|-89.0|-23.44: LE=ok:[358.1870993884508, 359.1501926082429, 0.9850090902558577, 44.66275986338809, 175.10339600494422, 177.19224379443244, 178.18709938845086, 179.15019260824283, 180.98500909025583, 224.6627598633881, 355.1033960049442, 357.1922437944325, 358.1870993884508, 224.6627598633881, 222.2, 129.43898448146683, 309.75781298847176, 181.9136086334076, 310.07371668753933, 1.9136086334076041] SE=raise:'Error'
RAISE-MISMATCH houses|i|222.2|89.99|11.47: LE=ok:[0.018628645275612143, 180.00887790625347, 179.989366346203, 44.66275986338809, 0.04786071209955165, 0.028376025033711498, 180.0186286452756, 0.008877906253485031, 359.989366346203, 224.6627598633881, 180.04786071209955, 180.0283760250337, 0.018628645275612143, 224.6627598633881, 222.2, 129.76098614614182, 309.75781298847176, 359.9813814267678, 309.7546395383776, 179.98138142676785] SE=raise:'Error'
RAISE-MISMATCH houses|i|222.2|89.99|-23.44: LE=ok:[0.018628645275612143, 180.00887790625347, 179.989366346203, 44.66275986338809, 0.04786071209955165, 0.028376025033711498, 180.0186286452756, 0.008877906253485031, 359.989366346203, 224.6627598633881, 180.04786071209955, 180.0283760250337, 0.018628645275612143, 224.6627598633881, 222.2, 129.76098614614182, 309.75781298847176, 359.9813814267678, 309.7546395383776, 179.98138142676785] SE=raise:'Error'
RAISE-MISMATCH houses|i|222.2|-89.99|11.47: LE=ok:[359.9813814267679, 359.9911299487942, 0.01061693075121184, 44.66275986338809, 179.95211572277617, 179.97162954931036, 179.98138142676794, 179.9911299487942, 180.01061693075118, 224.6627598633881, 359.9521157227763, 359.97162954931025, 359.9813814267679, 224.6627598633881, 222.2, 129.75463953837763, 309.75781298847176, 180.01862864527564, 309.76098614614176, 0.018628645275636367] SE=raise:'Error'
RAISE-MISMATCH houses|i|222.2|-89.99|-23.44: LE=ok:[359.9813814267679, 359.9911299487942, 0.01061693075121184, 44.66275986338809, 179.95211572277617, 179.97162954931036, 179.98138142676794, 179.9911299487942, 180.01061693075118, 224.6627598633881, 359.9521157227763, 359.97162954931025, 359.9813814267679, 224.6627598633881, 222.2, 129.75463953837763, 309.75781298847176, 180.01862864527564, 309.76098614614176, 0.018628645275636367] SE=raise:'Error'
RAISE-MISMATCH houses|i|270.0|67.0|-23.44: LE=ok:[5.684341886080801e-13, 91.94654134380525, 90.64906909657944, 90.0, 89.35093090342056, 88.05345865619475, 180.00000000000057, 271.9465413438053, 270.6490690965794, 270.0, 269.3509309034206, 268.0534586561947, 5.684341886080801e-13, 270.0, 270.0, 180.0, 0.0, 0.0, 0.0, 180.0] SE=raise:'Error'
RAISE-MISMATCH houses|i|270.0|-67.0|-23.44: LE=ok:[0.0, 17.291859571659472, 43.04328189586397, 90.0, 136.95671810413603, 162.70814042834047, 180.0, 197.29185957165947, 223.04328189586397, 270.0, 316.95671810413603, 342.7081404283405, 0.0, 270.0, 270.0, 180.0, 0.0, 180.0, 0.0, 0.0] SE=raise:'Error'
RAISE-MISMATCH houses|i|270.0|70.0|-23.44: LE=ok:[5.684341886080802e-14, 106.89902493151338, 95.78252791926438, 90.0, 84.21747208073562, 73.10097506848662, 180.00000000000006, 286.8990249315134, 275.7825279192644, 270.0, 264.2174720807356, 253.10097506848666, 5.684341886080802e-14, 270.0, 270.0, 180.0, 0.0, 0.0, 0.0, 180.0] SE=raise:'Error'
RAISE-MISMATCH houses|i|270.0|-70.0|-23.44: LE=ok:[0.0, 16.02336017222285, 40.746872453607466, 90.0, 139.25312754639253, 163.97663982777715, 180.0, 196.0233601722228, 220.74687245360747, 270.0, 319.25312754639253, 343.9766398277772, 0.0, 270.0, 270.0, 180.0, 0.0, 180.0, 0.0, 0.0] SE=raise:'Error'
RAISE-MISMATCH houses|i|270.0|80.0|11.47: LE=ok:[0.0, 156.66629179280275, 127.69468355731131, 90.0, 52.305316442688685, 23.333708207197244, 180.0, 336.6662917928027, 307.69468355731135, 270.0, 232.3053164426887, 203.33370820719728, 0.0, 270.0, 270.0, 180.0, 0.0, 0.0, 0.0, 180.0] SE=raise:'Error'
RAISE-MISMATCH houses|i|270.0|80.0|-23.44: LE=ok:[0.0, 156.66629179280275, 127.69468355731131, 90.0, 52.305316442688685, 23.333708207197244, 180.0, 336.6662917928027, 307.69468355731135, 270.0, 232.3053164426887, 203.33370820719728, 0.0, 270.0, 270.0, 180.0, 0.0, 0.0, 0.0, 180.0] SE=raise:'Error'
RAISE-MISMATCH houses|i|270.0|-80.0|11.47: LE=ok:[0.0, 10.31132268791498, 28.62592638217427, 90.0, 151.37407361782573, 169.68867731208502, 180.0, 190.31132268791498, 208.62592638217427, 270.0, 331.37407361782573, 349.688677312085, 0.0, 270.0, 270.0, 180.0, 0.0, 180.0, 0.0, 0.0] SE=raise:'Error'
RAISE-MISMATCH houses|i|270.0|-80.0|-23.44: LE=ok:[0.0, 10.31132268791498, 28.62592638217427, 90.0, 151.37407361782573, 169.68867731208502, 180.0, 190.31132268791498, 208.62592638217427, 270.0, 331.37407361782573, 349.688677312085, 0.0, 270.0, 270.0, 180.0, 0.0, 180.0, 0.0, 0.0] SE=raise:'Error'
RAISE-MISMATCH houses|i|270.0|85.0|11.47: LE=ok:[0.0, 170.9606955289952, 154.48657634258447, 90.0, 25.513423657415544, 9.039304471004817, 180.0, 350.9606955289952, 334.48657634258444, 270.0, 205.51342365741553, 189.03930447100484, 0.0, 270.0, 270.0, 180.0, 0.0, 0.0, 0.0, 180.0] SE=raise:'Error'
RAISE-MISMATCH houses|i|270.0|85.0|-23.44: LE=ok:[0.0, 170.9606955289952, 154.48657634258447, 90.0, 25.513423657415544, 9.039304471004817, 180.0, 350.9606955289952, 334.48657634258444, 270.0, 205.51342365741553, 189.03930447100484, 0.0, 270.0, 270.0, 180.0, 0.0, 0.0, 0.0, 180.0] SE=raise:'Error'
RAISE-MISMATCH houses|i|270.0|-85.0|11.47: LE=ok:[0.0, 6.031637491599895, 17.587971467099294, 90.0, 162.41202853290065, 173.9683625084001, 180.0, 186.03163749159987, 197.58797146709927, 270.0, 342.4120285329007, 353.9683625084001, 0.0, 270.0, 270.0, 180.0, 0.0, 180.0, 0.0, 0.0] SE=raise:'Error'
RAISE-MISMATCH houses|i|270.0|-85.0|-23.44: LE=ok:[0.0, 6.031637491599895, 17.587971467099294, 90.0, 162.41202853290065, 173.9683625084001, 180.0, 186.03163749159987, 197.58797146709927, 270.0, 342.4120285329007, 353.9683625084001, 0.0, 270.0, 270.0, 180.0, 0.0, 180.0, 0.0, 0.0] SE=raise:'Error'
RAISE-MISMATCH houses|i|270.0|88.0|11.47: LE=ok:[0.0, 176.8447308200815, 170.60960375355847, 90.0, 9.390396246441522, 3.1552691799184873, 180.0, 356.8447308200815, 350.6096037535585, 270.0, 189.39039624644153, 183.1552691799185, 0.0, 270.0, 270.0, 180.0, 0.0, 0.0, 0.0, 180.0] SE=raise:'Error'
RAISE-MISMATCH houses|i|270.0|88.0|-23.44: LE=ok:[0.0, 176.8447308200815, 170.60960375355847, 90.0, 9.390396246441522, 3.1552691799184873, 180.0, 356.8447308200815, 350.6096037535585, 270.0, 189.39039624644153, 183.1552691799185, 0.0, 270.0, 270.0, 180.0, 0.0, 0.0, 0.0, 180.0] SE=raise:'Error'
RAISE-MISMATCH houses|i|270.0|-88.0|11.47: LE=ok:[0.0, 2.685620672689197, 8.010169897765081, 90.0, 171.98983010223492, 177.3143793273108, 180.0, 182.6856206726892, 188.01016989776508, 270.0, 351.9898301022349, 357.3143793273108, 0.0, 270.0, 270.0, 180.0, 0.0, 180.0, 0.0, 0.0] SE=raise:'Error'
RAISE-MISMATCH houses|i|270.0|-88.0|-23.44: LE=ok:[0.0, 2.685620672689197, 8.010169897765081, 90.0, 171.98983010223492, 177.3143793273108, 180.0, 182.6856206726892, 188.01016989776508, 270.0, 351.9898301022349, 357.3143793273108, 0.0, 270.0, 270.0, 180.0, 0.0, 180.0, 0.0, 0.0] SE=raise:'Error'
RAISE-MISMATCH houses|i|270.0|89.0|11.47: LE=ok:[0.0, 178.4878689885039, 175.47200357832494, 90.0, 4.527996421675062, 1.512131011496112, 180.0, 358.48786898850386, 355.4720035783249, 270.0, 184.52799642167506, 181.5121310114961, 0.0, 270.0, 270.0, 180.0, 0.0, 0.0, 0.0, 180.0] SE=raise:'Error'
RAISE-MISMATCH houses|i|270.0|89.0|-23.44: LE=ok:[0.0, 178.4878689885039, 175.47200357832494, 90.0, 4.527996421675062, 1.512131011496112, 180.0, 358.48786898850386, 355.4720035783249, 270.0, 184.52799642167506, 181.5121310114961, 0.0, 270.0, 270.0, 180.0, 0.0, 0.0, 0.0, 180.0] SE=raise:'Error'
RAISE-MISMATCH houses|i|270.0|-89.0|11.47: LE=ok:[0.0, 1.3951332257273634, 4.178801759223916, 90.0, 175.82119824077608, 178.60486677427264, 180.0, 181.39513322572736, 184.17880175922386, 270.0, 355.82119824077614, 358.60486677427264, 0.0, 270.0, 270.0, 180.0, 0.0, 180.0, 0.0, 0.0] SE=raise:'Error'
RAISE-MISMATCH houses|i|270.0|-89.0|-23.44: LE=ok:[0.0, 1.3951332257273634, 4.178801759223916, 90.0, 175.82119824077608, 178.60486677427264, 180.0, 181.39513322572736, 184.17880175922386, 270.0, 355.82119824077614, 358.60486677427264, 0.0, 270.0, 270.0, 180.0, 0.0, 180.0, 0.0, 0.0] SE=raise:'Error'
RAISE-MISMATCH houses|i|270.0|89.99|11.47: LE=ok:[0.0, 179.98547973993715, 179.9564392271357, 90.0, 0.04356077286432128, 0.014520260062847911, 180.0, 359.98547973993715, 359.95643922713566, 270.0, 180.0435607728643, 180.01452026006285, 0.0, 270.0, 270.0, 180.0, 0.0, 0.0, 0.0, 180.0] SE=raise:'Error'
RAISE-MISMATCH houses|i|270.0|89.99|-23.44: LE=ok:[0.0, 179.98547973993715, 179.9564392271357, 90.0, 0.04356077286432128, 0.014520260062847911, 180.0, 359.98547973993715, 359.95643922713566, 270.0, 180.0435607728643, 180.01452026006285, 0.0, 270.0, 270.0, 180.0, 0.0, 0.0, 0.0, 180.0] SE=raise:'Error'
RAISE-MISMATCH houses|i|270.0|-89.99|11.47: LE=ok:[0.0, 0.014508574094918458, 0.043525714978272845, 90.0, 179.9564742850216, 179.98549142590514, 180.0, 180.01450857409492, 180.0435257149783, 270.0, 359.9564742850217, 359.9854914259051, 0.0, 270.0, 270.0, 180.0, 0.0, 180.0, 0.0, 0.0] SE=raise:'Error'
RAISE-MISMATCH houses|i|270.0|-89.99|-23.44: LE=ok:[0.0, 0.014508574094918458, 0.043525714978272845, 90.0, 179.9564742850216, 179.98549142590514, 180.0, 180.01450857409492, 180.0435257149783, 270.0, 359.9564742850217, 359.9854914259051, 0.0, 270.0, 270.0, 180.0, 0.0, 180.0, 0.0, 0.0] SE=raise:'Error'
RAISE-MISMATCH houses|i|300.001|67.0|-23.44: LE=ok:[105.91233988453143, 112.16635753721617, 115.10629154073803, 117.91150505858161, 123.10664272820472, 180.00944055520168, 285.91233988453143, 292.1663575372162, 295.1062915405836, 297.9115050585816, 303.1066427282047, 0.009440555201657291, 105.91233988453143, 297.9115050585816, 300.001, 207.42977722445082, 32.1823001847637, 16.106029599236194, 38.628996939386624, 196.10602959923622] SE=raise:'Error'
RAISE-MISMATCH houses|i|300.001|-67.0|-23.44: LE=ok:[16.10602959923622, 34.28478045568795, 64.8952130943411, 117.91150505858161, 158.40473918087991, 180.00057835623755, 196.10602959923622, 214.28478045568798, 244.89521309418663, 297.9115050585816, 338.4047391808799, 0.0005783562375540896, 16.10602959923622, 297.9115050585816, 300.001, 218.62899693938664, 32.1823001847637, 105.91233988453143, 27.429777224450795, 285.91233988453143] SE=raise:'Error'
RAISE-MISMATCH houses|i|300.001|70.0|-23.44: LE=ok:[300.8219897417364, 119.38758408184833, 118.65474655392187, 117.91150505858161, 116.39395472727797, 359.9654970575558, 120.82198974173639, 299.3875840818483, 298.6547465541741, 297.9115050585816, 296.39395472727796, 179.96549705755587, 300.8219897417364, 297.9115050585816, 300.001, 208.02674006996222, 32.1823001847637, 14.837799474239546, 37.578985245969456, 194.83779947423957] SE=raise:'Error'
RAISE-MISMATCH houses|i|300.001|-70.0|-23.44: LE=ok:[14.837799474239594, 31.64594605712864, 61.34666647980595, 117.91150505858161, 159.55246794684604, 180.00053649589623, 194.8377994742396, 211.6459460571286, 241.34666648005816, 297.9115050585816, 339.552467946846, 0.0005364958961990851, 14.837799474239594, 297.9115050585816, 300.001, 217.57898524596948, 32.1823001847637, 120.82198974173639, 28.026740069962226, 300.8219897417364] SE=raise:'Error'
RAISE-MISMATCH houses|i|300.001|80.0|11.47: LE=ok:[341.11113818969443, 149.91592952094342, 138.4414384094117, 117.91150505858161, 56.305240899478704, 359.99903492616426, 161.11113818969443, 329.91592952094345, 318.4414384092121, 297.9115050585816, 236.30524089947872, 179.99903492616426, 341.11113818969443, 297.9115050585816, 300.001, 210.0389476541284, 32.1823001847637, 9.30883395780711, 34.614683254502935, 189.30883395780708] SE=raise:'Error'
RAISE-MISMATCH houses|i|300.001|80.0|-23.44: LE=ok:[341.11113818969443, 149.91592952094342, 138.4414384094117, 117.91150505858161, 56.305240899478704, 359.99903492616426, 161.11113818969443, 329.91592952094345, 318.4414384092121, 297.9115050585816, 236.30524089947872, 179.99903492616426, 341.11113818969443, 297.9115050585816, 300.001, 210.0389476541284, 32.1823001847637, 9.30883395780711, 34.614683254502935, 189.30883395780708] SE=raise:'Error'
RAISE-MISMATCH houses|i|300.001|-80.0|11.47: LE=ok:[9.308833957807101, 19.747775207577433, 41.55936913450739, 117.91150505858161, 165.42219237638176, 180.0003482919779, 189.3088339578071, 199.74777520757743, 221.55936913430784, 297.9115050585816, 345.42219237638176, 0.00034829197790031685, 9.308833957807101, 297.9115050585816, 300.001, 214.61468325450295, 32.1823001847637, 161.11113818969443, 30.038947654128396, 341.1111381896945] SE=raise:'Error'
RAISE-MISMATCH houses|i|300.001|-80.0|-23.44: LE=ok:[9.308833957807101, 19.747775207577433, 41.55936913450739, 117.91150505858161, 165.42219237638176, 180.0003482919779, 189.3088339578071, 199.74777520757743, 221.55936913430784, 297.9115050585816, 345.42219237638176, 0.00034829197790031685, 9.308833957807101, 297.9115050585816, 300.001, 214.61468325450295, 32.1823001847637, 161.11113818969443, 30.038947654128396, 341.1111381896945] SE=raise:'Error'
RAISE-MISMATCH houses|i|300.001|85.0|11.47: LE=ok:[352.40924877431644, 166.02042518324112, 156.25603926365213, 117.91150505858161, 18.68123740440873, 359.9996688742708, 172.40924877431644, 346.0204251832411, 336.25603926350396, 297.9115050585816, 198.68123740440873, 179.9996688742708, 352.40924877431644, 297.9115050585816, 300.001, 211.08559914991605, 32.1823001847637, 5.34817473366877, 33.350027885589576, 185.34817473366874] SE=raise:'Error'
RAISE-MISMATCH houses|i|300.001|85.0|-23.44: LE=ok:[352.40924877431644, 166.02042518324112, 156.25603926365213, 117.91150505858161, 18.68123740440873, 359.9996688742708, 172.40924877431644, 346.0204251832411, 336.25603926350396, 297.9115050585816, 198.68123740440873, 179.9996688742708, 352.40924877431644, 297.9115050585816, 300.001, 211.08559914991605, 32.1823001847637, 5.34817473366877, 33.350027885589576, 185.34817473366874] SE=raise:'Error'
RAISE-MISMATCH houses|i|300.001|-85.0|11.47: LE=ok:[5.348174733668744, 11.14431954862448, 23.744258237586678, 117.91150505858161, 170.74364538844384, 180.00020597470737, 185.34817473366874, 191.1443195486245, 203.74425823743852, 297.9115050585816, 350.74364538844395, 0.0002059747073417384, 5.348174733668744, 297.9115050585816, 300.001, 213.35002788558955, 32.1823001847637, 172.40924877431644, 31.085599149916053, 352.40924877431644] SE=raise:'Error'
RAISE-MISMATCH houses|i|300.001|-85.0|-23.44: LE=ok:[5.348174733668744, 11.14431954862448, 23.744258237586678, 117.91150505858161, 170.74364538844384, 180.00020597470737, 185.34817473366874, 191.1443195486245, 203.74425823743852, 297.9115050585816, 350.74364538844395, 0.0002059747073417384, 5.348174733668744, 297.9115050585816, 300.001, 213.35002788558955, 32.1823001847637, 172.40924877431644, 31.085599149916053, 352.40924877431644] SE=raise:'Error'
RAISE-MISMATCH houses|i|300.001|88.0|11.47: LE=ok:[357.29834563076724, 174.73948486938738, 170.0415653514209, 117.91150505858161, 5.825160136425042, 359.99988823420387, 177.29834563076724, 354.7394848693874, 350.0415653513524, 297.9115050585816, 185.82516013642504, 179.99988823420387, 357.29834563076724, 297.9115050585816, 300.001, 211.73636060844694, 32.1823001847637, 2.349753599263636, 32.6395499159506, 182.34975359926364] SE=raise:'Error'
RAISE-MISMATCH houses|i|300.001|88.0|-23.44: LE=ok:[357.29834563076724, 174.73948486938738, 170.0415653514209, 117.91150505858161, 5.825160136425042, 359.99988823420387, 177.29834563076724, 354.7394848693874, 350.0415653513524, 297.9115050585816, 185.82516013642504, 179.99988823420387, 357.29834563076724, 297.9115050585816, 300.001, 211.73636060844694, 32.1823001847637, 2.349753599263636, 32.6395499159506, 182.34975359926364] SE=raise:'Error'
RAISE-MISMATCH houses|i|300.001|-88.0|11.47: LE=ok:[2.3497535992636207, 4.795295755472807, 9.958489525503182, 117.91150505858161, 175.59467255504705, 180.00009274506147, 182.3497535992636, 184.79529575547278, 189.95848952543474, 297.9115050585816, 355.59467255504717, 9.274506146539352e-05, 2.3497535992636207, 297.9115050585816, 300.001, 212.63954991595062, 32.1823001847637, 177.29834563076724, 31.736360608446937, 357.29834563076724] SE=raise:'Error'
RAISE-MISMATCH houses|i|300.001|-88.0|-23.44: LE=ok:[2.3497535992636207, 4.795295755472807, 9.958489525503182, 117.91150505858161, 175.59467255504705, 180.00009274506147, 182.3497535992636, 184.79529575547278, 189.95848952543474, 297.9115050585816, 355.59467255504717, 9.274506146539352e-05, 2.3497535992636207, 297.9115050585816, 300.001, 212.63954991595062, 32.1823001847637, 177.29834563076724, 31.736360608446937, 357.29834563076724] SE=raise:'Error'
RAISE-MISMATCH houses|i|300.001|89.0|11.47: LE=ok:[358.69765784615515, 177.4276474511836, 174.9844065553135, 117.91150505858161, 2.70061187117611, 359.9999468595519, 178.69765784615515, 357.4276474511836, 354.9844065552785, 297.9115050585816, 182.7006118711761, 179.99994685955193, 358.69765784615515, 297.9115050585816, 300.001, 211.958007509207, 32.1823001847637, 1.2146134911036484, 32.409418475560486, 181.21461349110365] SE=raise:'Error'
RAISE-MISMATCH houses|i|300.001|89.0|-23.44: LE=ok:[358.69765784615515, 177.4276474511836, 174.9844065553135, 117.91150505858161, 2.70061187117611, 359.9999468595519, 178.69765784615515, 357.4276474511836, 354.9844065552785, 297.9115050585816, 182.7006118711761, 179.99994685955193, 358.69765784615515, 297.9115050585816, 300.001, 211.958007509207, 32.1823001847637, 1.2146134911036484, 32.409418475560486, 181.21461349110365] SE=raise:'Error'
RAISE-MISMATCH houses|i|300.001|-89.0|11.47: LE=ok:[1.214613491103642, 2.4556333617680366, 5.015607470228133, 117.91150505858161, 177.6510598481923, 180.0000484190655, 181.21461349110365, 182.45563336176807, 185.01560747019315, 297.9115050585816, 357.6510598481923, 4.841906547881081e-05, 1.214613491103642, 297.9115050585816, 300.001, 212.40941847556053, 32.1823001847637, 178.69765784615515, 31.958007509206976, 358.69765784615515] SE=raise:'Error'
RAISE-MISMATCH houses|i|300.001|-89.0|-23.44: LE=ok:[1.214613491103642, 2.4556333617680366, 5.015607470228133, 117.91150505858161, 177.6510598481923, 180.0000484190655, 181.21461349110365, 182.45563336176807, 185.01560747019315, 297.9115050585816, 357.6510598481923, 4.841906547881081e-05, 1.214613491103642, 297.9115050585816, 300.001, 212.40941847556053, 32.1823001847637, 178.69765784615515, 31.958007509206976, 358.69765784615515] SE=raise:'Error'
RAISE-MISMATCH houses|i|300.001|89.99|11.47: LE=ok:[359.9874253841772, 179.97485419978358, 179.94972060481408, 117.91150505858161, 0.025156483599500738, 359.9999994931157, 179.9874253841772, 359.9748541997836, 359.9497206048137, 297.9115050585816, 180.0251564835995, 179.99999949311572, 359.9874253841772, 297.9115050585816, 300.001, 212.18004357708708, 32.1823001847637, 0.012565851170393216, 32.1845570749378, 180.01256585117042] SE=raise:'Error'
RAISE-MISMATCH houses|i|300.001|89.99|-23.44: LE=ok:[359.9874253841772, 179.97485419978358, 179.94972060481408, 117.91150505858161, 0.025156483599500738, 359.9999994931157, 179.9874253841772, 359.9748541997836, 359.9497206048137, 297.9115050585816, 180.0251564835995, 179.99999949311572, 359.9874253841772, 297.9115050585816, 300.001, 212.18004357708708, 32.1823001847637, 0.012565851170393216, 32.1845570749378, 180.01256585117042] SE=raise:'Error'
RAISE-MISMATCH houses|i|300.001|-89.99|11.47: LE=ok:[0.01256585117043081, 0.02513411448677516, 0.050279396599364645, 117.91150505858161, 179.97487857360488, 180.00000050641327, 180.01256585117042, 180.02513411448678, 180.050279396599, 297.9115050585816, 359.9748785736048, 5.064132437837543e-07, 0.01256585117043081, 297.9115050585816, 300.001, 212.1845570749378, 32.1823001847637, 179.9874253841772, 32.180043577087055, 359.98742538417713] SE=raise:'Error'
RAISE-MISMATCH houses|i|300.001|-89.99|-23.44: LE=ok:[0.01256585117043081, 0.02513411448677516, 0.050279396599364645, 117.91150505858161, 179.97487857360488, 180.00000050641327, 180.01256585117042, 180.02513411448678, 180.050279396599, 297.9115050585816, 359.9748785736048, 5.064132437837543e-07, 0.01256585117043081, 297.9115050585816, 300.001, 212.1845570749378, 32.1823001847637, 179.9874253841772, 32.180043577087055, 359.98742538417713] SE=raise:'Error'
RAISE-MISMATCH houses|i|315.0|67.0|-23.44: LE=ok:[112.18482355405804, 120.72496818055322, 126.16379511753439, 132.5358235453972, 148.21444646459761, 253.90832744013073, 292.184823554058, 300.7249681805532, 306.1637951175344, 312.5358235453972, 328.21444646459764, 73.90832744013073, 112.18482355405804, 312.5358235453972, 315.0, 220.85496167070545, 47.46417645460281, 24.031215208435583, 55.8353709950963, 204.0312152084356] SE=raise:'Error'
RAISE-MISMATCH houses|i|315.0|-67.0|-23.44: LE=ok:[24.03121520843562, 42.638579052999944, 76.54532355094625, 132.5358235453972, 169.18439164776714, 188.66777544916005, 204.0312152084356, 222.63857905299994, 256.54532355094625, 312.5358235453972, 349.1843916477672, 8.667775449160047, 24.03121520843562, 312.5358235453972, 315.0, 235.83537099509627, 47.46417645460281, 112.18482355405803, 40.854961670705464, 292.184823554058] SE=raise:'Error'
RAISE-MISMATCH houses|i|315.0|70.0|-23.44: LE=ok:[122.13247638190244, 126.27919740090488, 129.0612931353326, 132.5358235453972, 142.70237214910165, 283.1034432201909, 302.13247638190245, 306.2791974009049, 309.06129313533256, 312.5358235453972, 322.7023721491017, 103.10344322019094, 122.13247638190244, 312.5358235453972, 315.0, 221.70367283072338, 47.46417645460281, 22.0971613622591, 54.52125225881922, 202.0971613622591] SE=raise:'Error'
RAISE-MISMATCH houses|i|315.0|-70.0|-23.44: LE=ok:[22.097161362259087, 39.209838963760205, 72.26158199791456, 132.5358235453972, 169.75961817779853, 188.03838007508892, 202.0971613622591, 219.20983896376018, 252.26158199791462, 312.5358235453972, 349.75961817779853, 8.038380075088924, 22.097161362259087, 312.5358235453972, 315.0, 234.5212522588192, 47.46417645460281, 122.13247638190245, 41.70367283072339, 302.13247638190245] SE=raise:'Error'
RAISE-MISMATCH houses|i|315.0|80.0|11.47: LE=ok:[336.2516580364787, 150.6281100849349, 144.72353776271262, 132.5358235453972, 46.95493231574532, 346.37084249345, 156.25165803647872, 330.62811008493486, 324.72353776271257, 312.5358235453972, 226.95493231574528, 166.37084249345, 336.2516580364787, 312.5358235453972, 315.0, 224.52630314120822, 47.46417645460281, 13.681863510747348, 50.70685449406955, 193.68186351074732] SE=raise:'Error'
RAISE-MISMATCH houses|i|315.0|80.0|-23.44: LE=ok:[336.2516580364787, 150.6281100849349, 144.72353776271262, 132.5358235453972, 46.95493231574532, 346.37084249345, 156.25165803647872, 330.62811008493486, 324.72353776271257, 312.5358235453972, 226.95493231574528, 166.37084249345, 336.2516580364787, 312.5358235453972, 315.0, 224.52630314120822, 47.46417645460281, 13.681863510747348, 50.70685449406955, 193.68186351074732] SE=raise:'Error'
RAISE-MISMATCH houses|i|315.0|-80.0|11.47: LE=ok:[13.681863510747311, 23.78950406340408, 47.32690207777023, 132.5358235453972, 172.67767979844416, 185.20737630542055, 193.68186351074732, 203.78950406340405, 227.32690207777017, 312.5358235453972, 352.6776797984442, 5.207376305420553, 13.681863510747311, 312.5358235453972, 315.0, 230.70685449406952, 47.46417645460281, 156.25165803647872, 44.52630314120823, 336.2516580364787] SE=raise:'Error'
RAISE-MISMATCH houses|i|315.0|-80.0|-23.44: LE=ok:[13.681863510747311, 23.78950406340408, 47.32690207777023, 132.5358235453972, 172.67767979844416, 185.20737630542055, 193.68186351074732, 203.78950406340405, 227.32690207777017, 312.5358235453972, 352.6776797984442, 5.207376305420553, 13.681863510747311, 312.5358235453972, 315.0, 230.70685449406952, 47.46417645460281, 156.25165803647872, 44.52630314120823, 336.2516580364787] SE=raise:'Error'
RAISE-MISMATCH houses|i|315.0|85.0|11.47: LE=ok:[349.7178402431971, 165.36893509721156, 158.9576074719313, 132.5358235453972, 10.56937595206559, 355.1515734988452, 169.7178402431971, 345.36893509721153, 338.9576074719313, 312.5358235453972, 190.56937595206557, 175.1515734988452, 349.7178402431971, 312.5358235453972, 315.0, 225.97009102975173, 47.46417645460281, 7.750517063705729, 49.033327619479316, 187.75051706370573] SE=raise:'Error'
RAISE-MISMATCH houses|i|315.0|85.0|-23.44: LE=ok:[349.7178402431971, 165.36893509721156, 158.9576074719313, 132.5358235453972, 10.56937595206559, 355.1515734988452, 169.7178402431971, 345.36893509721153, 338.9576074719313, 312.5358235453972, 190.56937595206557, 175.1515734988452, 349.7178402431971, 312.5358235453972, 315.0, 225.97009102975173, 47.46417645460281, 7.750517063705729, 49.033327619479316, 187.75051706370573] SE=raise:'Error'
RAISE-MISMATCH houses|i|315.0|-85.0|11.47: LE=ok:[7.7505170637057255, 13.026887836521325, 25.38244122065305, 132.5358235453972, 175.3169558899292, 183.07129895274224, 187.75051706370573, 193.02688783652133, 205.38244122065296, 312.5358235453972, 355.3169558899292, 3.071298952742268, 7.7505170637057255, 312.5358235453972, 315.0, 229.0333276194793, 47.46417645460281, 169.7178402431971, 45.97009102975172, 349.7178402431971] SE=raise:'Error'
RAISE-MISMATCH houses|i|315.0|-85.0|-23.44: LE=ok:[7.7505170637057255, 13.026887836521325, 25.38244122065305, 132.5358235453972, 175.3169558899292, 183.07129895274224, 187.75051706370573, 193.02688783652133, 205.38244122065296, 312.5358235453972, 355.3169558899292, 3.071298952742268, 7.7505170637057255, 312.5358235453972, 315.0, 229.0333276194793, 47.46417645460281, 169.7178402431971, 45.97009102975172, 349.7178402431971] SE=raise:'Error'
RAISE-MISMATCH houses|i|315.0|88.0|11.47: LE=ok:[356.2338920219602, 174.2705770100979, 170.75287822212664, 132.5358235453972, 3.080540318852431, 358.3488264725722, 176.23389202196017, 354.2705770100979, 350.75287822212664, 312.5358235453972, 183.08054031885243, 178.3488264725722, 356.2338920219602, 312.5358235453972, 315.0, 226.85900331086384, 47.46417645460281, 3.3612187736741816, 48.08131004246334, 183.3612187736742] SE=raise:'Error'
RAISE-MISMATCH houses|i|315.0|88.0|-23.44: LE=ok:[356.2338920219602, 174.2705770100979, 170.75287822212664, 132.5358235453972, 3.080540318852431, 358.3488264725722, 176.23389202196017, 354.2705770100979, 350.75287822212664, 312.5358235453972, 183.08054031885243, 178.3488264725722, 356.2338920219602, 312.5358235453972, 315.0, 226.85900331086384, 47.46417645460281, 3.3612187736741816, 48.08131004246334, 183.3612187736742] SE=raise:'Error'
RAISE-MISMATCH houses|i|315.0|-88.0|11.47: LE=ok:[3.3612187736742056, 5.46174108558904, 10.036036008743736, 132.5358235453972, 177.74803930937503, 181.37907160545578, 183.3612187736742, 185.46174108558904, 190.03603600874374, 312.5358235453972, 357.74803930937503, 1.379071605455806, 3.3612187736742056, 312.5358235453972, 315.0, 228.08131004246334, 47.46417645460281, 176.23389202196017, 46.859003310863855, 356.23389202196023] SE=raise:'Error'
RAISE-MISMATCH houses|i|315.0|-88.0|-23.44: LE=ok:[3.3612187736742056, 5.46174108558904, 10.036036008743736, 132.5358235453972, 177.74803930937503, 181.37907160545578, 183.3612187736742, 185.46174108558904, 190.03603600874374, 312.5358235453972, 357.74803930937503, 1.379071605455806, 3.3612187736742056, 312.5358235453972, 315.0, 228.08131004246334, 47.46417645460281, 176.23389202196017, 46.859003310863855, 356.23389202196023] SE=raise:'Error'
RAISE-MISMATCH houses|i|315.0|89.0|11.47: LE=ok:[358.1707007071044, 177.16391190636332, 175.25293829026148, 132.5358235453972, 1.4109346268877696, 359.2133240221543, 178.1707007071044, 357.16391190636335, 355.25293829026145, 312.5358235453972, 181.41093462688778, 179.21332402215432, 358.1707007071044, 312.5358235453972, 315.0, 227.1602002908438, 47.46417645460281, 1.728090820787088, 47.77114094801169, 181.7280908207871] SE=raise:'Error'
RAISE-MISMATCH houses|i|315.0|89.0|-23.44: LE=ok:[358.1707007071044, 177.16391190636332, 175.25293829026148, 132.5358235453972, 1.4109346268877696, 359.2133240221543, 178.1707007071044, 357.16391190636335, 355.25293829026145, 312.5358235453972, 181.41093462688778, 179.21332402215432, 358.1707007071044, 312.5358235453972, 315.0, 227.1602002908438, 47.46417645460281, 1.728090820787088, 47.77114094801169, 181.7280908207871] SE=raise:'Error'
RAISE-MISMATCH houses|i|315.0|-89.0|11.47: LE=ok:[1.7280908207871124, 2.7687570024654633, 4.948151099890026, 132.5358235453972, 178.79263895645317, 180.71906864713895, 181.72809082078712, 182.76875700246546, 184.94815109989, 312.5358235453972, 358.79263895645323, 0.719068647138954, 1.7280908207871124, 312.5358235453972, 315.0, 227.7711409480117, 47.46417645460281, 178.1707007071044, 47.1602002908438, 358.1707007071044] SE=raise:'Error'
RAISE-MISMATCH houses|i|315.0|-89.0|-23.44: LE=ok:[1.7280908207871124, 2.7687570024654633, 4.948151099890026, 132.5358235453972, 178.79263895645317, 180.71906864713895, 181.72809082078712, 182.76875700246546, 184.94815109989, 312.5358235453972, 358.79263895645323, 0.719068647138954, 1.7280908207871124, 312.5358235453972, 315.0, 227.7711409480117, 47.46417645460281, 178.1707007071044, 47.1602002908438, 358.1707007071044] SE=raise:'Error'
RAISE-MISMATCH houses|i|315.0|89.99|11.47: LE=ok:[359.9822184835196, 179.97195693170968, 179.9514439504369, 132.5358235453972, 0.013023396552440468, 359.99248341099945, 179.98221848351955, 359.9719569317097, 359.9514439504369, 312.5358235453972, 180.01302339655243, 179.99248341099943, 359.9822184835196, 312.5358235453972, 315.0, 227.4611222549853, 47.46417645460281, 0.017771396136367912, 47.467230952993916, 180.0177713961364] SE=raise:'Error'
RAISE-MISMATCH houses|i|315.0|89.99|-23.44: LE=ok:[359.9822184835196, 179.97195693170968, 179.9514439504369, 132.5358235453972, 0.013023396552440468, 359.99248341099945, 179.98221848351955, 359.9719569317097, 359.9514439504369, 312.5358235453972, 180.01302339655243, 179.99248341099943, 359.9822184835196, 312.5358235453972, 315.0, 227.4611222549853, 47.46417645460281, 0.017771396136367912, 47.467230952993916, 180.0177713961364] SE=raise:'Error'
RAISE-MISMATCH houses|i|315.0|-89.99|11.47: LE=ok:[0.017771396136391865, 0.028036321395745745, 0.048576290237747344, 132.5358235453972, 179.98699684414714, 180.00750984210325, 180.0177713961364, 180.02803632139575, 180.04857629023778, 312.5358235453972, 359.9869968441471, 0.007509842103218034, 0.017771396136391865, 312.5358235453972, 315.0, 227.4672309529939, 47.46417645460281, 179.98221848351955, 47.46112225498532, 359.9822184835196] SE=raise:'Error'
RAISE-MISMATCH houses|i|315.0|-89.99|-23.44: LE=ok:[0.017771396136391865, 0.028036321395745745, 0.048576290237747344, 132.5358235453972, 179.98699684414714, 180.00750984210325, 180.0177713961364, 180.02803632139575, 180.04857629023778, 312.5358235453972, 359.9869968441471, 0.007509842103218034, 0.017771396136391865, 312.5358235453972, 315.0, 227.4672309529939, 47.46417645460281, 179.98221848351955, 47.46112225498532, 359.9822184835196] SE=raise:'Error'
RAISE-MISMATCH houses|i|359.9999|67.0|-23.44: LE=ok:[133.14027051878728, 145.7157233969101, 158.40395044153126, 179.99989100604353, 236.89464989227235, 292.165713869818, 313.14027051878725, 325.7157233969101, 338.40395044153126, 359.99989100604347, 56.89464989227236, 112.16571386981794, 133.14027051878728, 359.99989100604347, 359.9999, 260.41611840845974, 89.99990825179381, 46.85963178134455, 99.58370318143956, 226.85963178134458] SE=raise:'Error'
RAISE-MISMATCH houses|i|359.9999|-67.0|-23.44: LE=ok:[46.8596317813446, 67.83416909950893, 123.1050628618579, 179.99989100604353, 201.59590615133513, 214.28416463579916, 226.8596317813446, 247.83416909950893, 303.10506286185785, 359.99989100604347, 21.595906151335157, 34.284164635799186, 46.8596317813446, 359.99989100604347, 359.9999, 279.58370318143955, 89.99990825179381, 133.14027051878725, 80.41611840845977, 313.14027051878725] SE=raise:'Error'
RAISE-MISMATCH houses|i|359.9999|70.0|-23.44: LE=ok:[137.54112040664475, 148.354513327787, 159.55172108790478, 179.99989100604353, 243.6073285727624, 299.38708940864547, 317.5411204066447, 328.354513327787, 339.5517210879048, 359.99989100604347, 63.60732857276241, 119.38708940864535, 137.54112040664475, 359.99989100604347, 359.9999, 261.76192241774237, 89.99990825179381, 42.458795972848975, 98.23789785314212, 222.45879597284895] SE=raise:'Error'
RAISE-MISMATCH houses|i|359.9999|-70.0|-23.44: LE=ok:[42.45879597284896, 60.61282065090211, 116.39238625337634, 179.99989100604353, 200.4481431195803, 211.64538458659035, 222.45879597284897, 240.61282065090214, 296.3923862533763, 359.99989100604347, 20.448143119580322, 31.645384586590353, 42.45879597284896, 359.99989100604347, 359.9999, 278.2378978531421, 89.99990825179381, 137.54112040664472, 81.76192241774241, 317.5411204066447] SE=raise:'Error'
RAISE-MISMATCH houses|i|359.9999|80.0|11.47: LE=ok:[156.09319389292364, 160.25248429732497, 165.42166431874148, 179.99989100604353, 303.6946111694709, 329.9159513896959, 336.09319389292364, 340.25248429732494, 345.4216643187415, 359.99989100604347, 123.69461116947087, 149.91595138969592, 156.09319389292364, 359.99989100604347, 359.9999, 265.98781940237956, 89.99990825179381, 23.90677597191575, 94.0119979994918, 203.90677597191572] SE=raise:'Error'
RAISE-MISMATCH houses|i|359.9999|80.0|-23.44: LE=ok:[156.09319389292364, 160.25248429732497, 165.42166431874148, 179.99989100604353, 303.6946111694709, 329.9159513896959, 336.09319389292364, 340.25248429732494, 345.4216643187415, 359.99989100604347, 123.69461116947087, 149.91595138969592, 156.09319389292364, 359.99989100604347, 359.9999, 265.98781940237956, 89.99990825179381, 23.90677597191575, 94.0119979994918, 203.90677597191572] SE=raise:'Error'
RAISE-MISMATCH houses|i|359.9999|-80.0|11.47: LE=ok:[23.906775971915728, 30.08405258736525, 56.30542170007385, 179.99989100604353, 194.5782396708314, 199.74745803467454, 203.90677597191572, 210.08405258736525, 236.30542170007385, 359.99989100604347, 14.578239670831408, 19.747458034674537, 23.906775971915728, 359.99989100604347, 359.9999, 274.01199799949177, 89.99990825179381, 156.09319389292364, 85.98781940237957, 336.09319389292364] SE=raise:'Error'
RAISE-MISMATCH houses|i|359.9999|-80.0|-23.44: LE=ok:[23.906775971915728, 30.08405258736525, 56.30542170007385, 179.99989100604353, 194.5782396708314, 199.74745803467454, 203.90677597191572, 210.08405258736525, 236.30542170007385, 359.99989100604347, 14.578239670831408, 19.747458034674537, 23.906775971915728, 359.99989100604347, 359.9999, 274.01199799949177, 89.99990825179381, 156.09319389292364, 85.98781940237957, 336.09319389292364] SE=raise:'Error'
RAISE-MISMATCH houses|i|359.9999|85.0|11.47: LE=ok:[167.5956425523517, 168.8558098336087, 170.74331679099856, 179.99989100604353, 341.3183743008567, 346.0205151601541, 347.5956425523517, 348.8558098336087, 350.74331679099856, 359.99989100604347, 161.31837430085673, 166.02051516015413, 167.5956425523517, 359.99989100604347, 359.9999, 268.00676279247807, 89.99990825179381, 12.404348980548548, 91.99305393307486, 192.40434898054852] SE=raise:'Error'
RAISE-MISMATCH houses|i|359.9999|85.0|-23.44: LE=ok:[167.5956425523517, 168.8558098336087, 170.74331679099856, 179.99989100604353, 341.3183743008567, 346.0205151601541, 347.5956425523517, 348.8558098336087, 350.74331679099856, 359.99989100604347, 161.31837430085673, 166.02051516015413, 167.5956425523517, 359.99989100604347, 359.9999, 268.00676279247807, 89.99990825179381, 12.404348980548548, 91.99305393307486, 192.40434898054852] SE=raise:'Error'
RAISE-MISMATCH houses|i|359.9999|-85.0|11.47: LE=ok:[12.404348980548546, 13.97950119976531, 18.68171198521088, 179.99989100604353, 189.25662346410155, 191.14416141454197, 192.40434898054855, 193.9795011997653, 198.6817119852109, 359.99989100604347, 9.256623464101551, 11.14416141454194, 12.404348980548546, 359.99989100604347, 359.9999, 271.9930539330748, 89.99990825179381, 167.5956425523517, 88.00676279247809, 347.5956425523517] SE=raise:'Error'
RAISE-MISMATCH houses|i|359.9999|-85.0|-23.44: LE=ok:[12.404348980548546, 13.97950119976531, 18.68171198521088, 179.99989100604353, 189.25662346410155, 191.14416141454197, 192.40434898054855, 193.9795011997653, 198.6817119852109, 359.99989100604347, 9.256623464101551, 11.14416141454194, 12.404348980548546, 359.99989100604347, 359.9999, 271.9930539330748, 89.99990825179381, 167.5956425523517, 88.00676279247809, 347.5956425523517] SE=raise:'Error'
RAISE-MISMATCH houses|i|359.9999|88.0|11.47: LE=ok:[174.9828780256565, 175.2047532994871, 175.59452068155036, 179.99989100604353, 354.174690968871, 354.7395343666807, 354.98287802565653, 355.2047532994871, 355.59452068155036, 359.99989100604347, 174.17469096887098, 174.73953436668072, 174.9828780256565, 359.99989100604347, 359.9999, 269.20408186338494, 89.99990825179381, 5.017120570944314, 90.79573467560168, 185.01712057094431] SE=raise:'Error'
RAISE-MISMATCH houses|i|359.9999|88.0|-23.44: LE=ok:[174.9828780256565, 175.2047532994871, 175.59452068155036, 179.99989100604353, 354.174690968871, 354.7395343666807, 354.98287802565653, 355.2047532994871, 355.59452068155036, 359.99989100604347, 174.17469096887098, 174.73953436668072, 174.9828780256565, 359.99989100604347, 359.9999, 269.20408186338494, 89.99990825179381, 5.017120570944314, 90.79573467560168, 185.01712057094431] SE=raise:'Error'
RAISE-MISMATCH houses|i|359.9999|-88.0|11.47: LE=ok:[5.017120570944342, 5.26047463299011, 5.825342118545564, 179.99989100604353, 184.40545170516612, 184.79523579927303, 185.01712057094434, 185.2604746329901, 185.82534211854554, 359.99989100604347, 4.405451705166115, 4.79523579927303, 5.017120570944342, 359.99989100604347, 359.9999, 270.79573467560164, 89.99990825179381, 174.98287802565642, 89.20408186338496, 354.9828780256565] SE=raise:'Error'
RAISE-MISMATCH houses|i|359.9999|-88.0|-23.44: LE=ok:[5.017120570944342, 5.26047463299011, 5.825342118545564, 179.99989100604353, 184.40545170516612, 184.79523579927303, 185.01712057094434, 185.2604746329901, 185.82534211854554, 359.99989100604347, 4.405451705166115, 4.79523579927303, 5.017120570944342, 359.99989100604347, 359.9999, 270.79573467560164, 89.99990825179381, 174.98287802565642, 89.20408186338496, 354.9828780256565] SE=raise:'Error'
RAISE-MISMATCH houses|i|359.9999|89.0|11.47: LE=ok:[177.487386039791, 177.54439039633527, 177.65098012831407, 179.99989100604353, 357.29931659268084, 357.42767389215464, 357.487386039791, 357.5443903963353, 357.6509801283141, 359.99989100604347, 177.2993165926808, 177.42767389215467, 177.487386039791, 359.99989100604347, 359.9999, 269.60209709812017, 89.99990825179381, 2.5126136075496674, 90.39771941431304, 182.51261360754967] SE=raise:'Error'
RAISE-MISMATCH houses|i|359.9999|89.0|-23.44: LE=ok:[177.487386039791, 177.54439039633527, 177.65098012831407, 179.99989100604353, 357.29931659268084, 357.42767389215464, 357.487386039791, 357.5443903963353, 357.6509801283141, 359.99989100604347, 177.2993165926808, 177.42767389215467, 177.487386039791, 359.99989100604347, 359.9999, 269.60209709812017, 89.99990825179381, 2.5126136075496674, 90.39771941431304, 182.51261360754967] SE=raise:'Error'
RAISE-MISMATCH houses|i|359.9999|-89.0|11.47: LE=ok:[2.5126136075496825, 2.5723309153698892, 2.7006993041284204, 179.99989100604353, 182.34900537721484, 182.45560432400976, 182.5126136075497, 182.57233091536992, 182.70069930412842, 359.99989100604347, 2.349005377214837, 2.455604324009755, 2.5126136075496825, 359.99989100604347, 359.9999, 270.39771941431303, 89.99990825179381, 177.48738603979098, 89.6020970981202, 357.487386039791] SE=raise:'Error'
RAISE-MISMATCH houses|i|359.9999|-89.0|-23.44: LE=ok:[2.5126136075496825, 2.5723309153698892, 2.7006993041284204, 179.99989100604353, 182.34900537721484, 182.45560432400976, 182.5126136075497, 182.57233091536992, 182.70069930412842, 359.99989100604347, 2.349005377214837, 2.455604324009755, 2.5126136075496825, 359.99989100604347, 359.9999, 270.39771941431303, 89.99990825179381, 177.48738603979098, 89.6020970981202, 357.487386039791] SE=raise:'Error'
RAISE-MISMATCH houses|i|359.9999|89.99|11.47: LE=ok:[179.9748602972238, 179.97486611360713, 179.9748777380194, 179.99989100604353, 359.9748428321031, 359.9748544783068, 359.9748602972238, 359.9748661136071, 359.97487773801936, 359.99989100604347, 179.9748428321031, 179.97485447830678, 179.9748602972238, 359.99989100604347, 359.9999, 269.9959304802027, 89.99990825179381, 0.02513970274088706, 90.00388602338579, 180.0251397027409] SE=raise:'Error'
RAISE-MISMATCH houses|i|359.9999|89.99|-23.44: LE=ok:[179.9748602972238, 179.97486611360713, 179.9748777380194, 179.99989100604353, 359.9748428321031, 359.9748544783068, 359.9748602972238, 359.9748661136071, 359.97487773801936, 359.99989100604347, 179.9748428321031, 179.97485447830678, 179.9748602972238, 359.99989100604347, 359.9999, 269.9959304802027, 89.99990825179381, 0.02513970274088706, 90.00388602338579, 180.0251397027409] SE=raise:'Error'
RAISE-MISMATCH houses|i|359.9999|-89.99|11.47: LE=ok:[0.025139702740881446, 0.02514557233450887, 0.02515731996214754, 179.99989100604353, 180.02512211005669, 180.02513383570448, 180.0251397027409, 180.02514557233448, 180.02515731996215, 359.99989100604347, 0.02512211005671361, 0.025133835704480134, 0.025139702740881446, 359.99989100604347, 359.9999, 270.00388602338575, 89.99990825179381, 179.9748602972238, 89.99593048020272, 359.9748602972238] SE=raise:'Error'
RAISE-MISMATCH houses|i|359.9999|-89.99|-23.44: LE=ok:[0.025139702740881446, 0.02514557233450887, 0.02515731996214754, 179.99989100604353, 180.02512211005669, 180.02513383570448, 180.0251397027409, 180.02514557233448, 180.02515731996215, 359.99989100604347, 0.02512211005671361, 0.025133835704480134, 0.025139702740881446, 359.99989100604347, 359.9999, 270.00388602338575, 89.99990825179381, 179.9748602972238, 89.99593048020272, 359.9748602972238] SE=raise:'Error'
  A: match=3032 diff=0 info_diff=420 raise_ok=0 raise_mismatch=0
  B: match=3452 diff=0 info_diff=0 raise_ok=0 raise_mismatch=0
  C: match=3452 diff=0 info_diff=0 raise_ok=0 raise_mismatch=0
  D: match=2682 diff=0 info_diff=770 raise_ok=0 raise_mismatch=0
  E: match=3032 diff=0 info_diff=420 raise_ok=0 raise_mismatch=0
  F: match=648 diff=0 info_diff=2804 raise_ok=0 raise_mismatch=0
  G: match=3274 diff=10 info_diff=0 raise_ok=168 raise_mismatch=0  worst=6.200e-06 @ houses|G|90.0|-66.55|0.0
  H: match=557 diff=12 info_diff=2883 raise_ok=0 raise_mismatch=0  worst=1.800e+02 @ houses|H|90.0|0.0|0.0
  I: match=642 diff=0 info_diff=3554 raise_ok=0 raise_mismatch=0
  J: match=666 diff=0 info_diff=2786 raise_ok=0 raise_mismatch=0
  K: match=3278 diff=6 info_diff=0 raise_ok=168 raise_mismatch=0  worst=4.000e+00 @ house_pos|K|0.0|23.44|180.0|-5.0
  L: match=3392 diff=60 info_diff=0 raise_ok=0 raise_mismatch=0  worst=1.958e+00 @ house_pos|L|0.0|89.0|180.0|0.0
  M: match=3452 diff=0 info_diff=0 raise_ok=0 raise_mismatch=0
  N: match=3452 diff=0 info_diff=0 raise_ok=0 raise_mismatch=0
  O: match=3452 diff=0 info_diff=0 raise_ok=0 raise_mismatch=0
  P: match=3276 diff=8 info_diff=0 raise_ok=168 raise_mismatch=0  worst=2.004e+01 @ houses|P|30.5|-66.55|0.0
  Q: match=3451 diff=1 info_diff=0 raise_ok=0 raise_mismatch=0  worst=1.293e-05 @ houses|Q|359.9999|0.0|0.0
  R: match=3444 diff=8 info_diff=0 raise_ok=0 raise_mismatch=0  worst=6.000e+00 @ house_pos|R|90.0|-80.0|90.0|0.0
  S: match=2682 diff=0 info_diff=770 raise_ok=0 raise_mismatch=0
  T: match=965 diff=0 info_diff=2487 raise_ok=0 raise_mismatch=0
  U: match=716 diff=0 info_diff=2736 raise_ok=0 raise_mismatch=0
  V: match=3032 diff=0 info_diff=420 raise_ok=0 raise_mismatch=0
  W: match=3030 diff=2 info_diff=420 raise_ok=0 raise_mismatch=0  worst=3.000e+01 @ houses|W|90.0|-66.0|0.0
  X: match=3452 diff=0 info_diff=0 raise_ok=0 raise_mismatch=0
  Y: match=616 diff=0 info_diff=2836 raise_ok=0 raise_mismatch=0
  i: match=642 diff=0 info_diff=3266 raise_ok=0 raise_mismatch=288
compare: 395 gated mismatches vs pyswisseph
